Id,Name,Gender,Age,Birthday,Address
6af79cc6-9c7e-49d5-85e0-42148039816c,조지안,male,16,2007-04-09,제주 중랑구 17번길 37
1bf31c30-c1ea-442b-8461-f0a3b4ea30a9,임유나,male,27,1996-01-08,경기 도봉구 96번길 30
d8220ba3-d703-4483-a667-923a78556a47,허서현,male,28,1995-02-24,경상남도 동대문구 24로 8
d8ca9df3-af31-4479-861a-2199548fdcb5,안시후,male,22,2001-03-02,충청북도 광진구 12로 97
2a6a7d03-f512-4c2a-a10b-59fd569fb53f,조준서,male,39,1984-04-30,서울 광진구 26길 39
beefaddb-6465-4e01-ba2b-888e2db35b14,양시은,female,33,1989-08-12,전라북도 강남구 61대로 70
40794c21-81fe-46d1-a92e-5eaadbbcd818,문민규,male,28,1994-08-10,충청북도 구로구 18번길 26
a13b7280-463e-416f-8318-c32502ee570a,안민성,female,16,2007-05-23,충청남도 중구 27로 92
dc67f697-f27a-46da-97a0-a3f1fdc75c8a,장민우,male,21,2001-07-27,강원 중랑구 64로 63
cd46eb40-57d6-42d3-a7d6-263a2bd3b390,우은우,male,27,1995-11-09,충청북도 동대문구 23번길 69
104bf8a4-04c2-40f7-b4b0-b3755ccfdbb9,진유나,male,14,2009-01-18,충청북도 양천구 54번길 70
f2527e52-0957-4156-afdd-72ba088df15a,하다은,female,43,1980-06-09,제주 마포구 45대로 37
9be99b1f-530a-4914-9a5e-df3c9e9a0e3a,안지민,male,16,2007-03-30,제주 동대문구 54대로 22
dd7a9ce3-855b-481a-8009-07c82694650a,박서현,male,15,2008-04-19,경상북도 동대문구 86로 70
608a0e26-1b77-443e-a5b2-31077c764db5,정예원,female,35,1987-12-21,강원 성북구 99길 28
28a8a9d4-f7fd-48a8-a495-566ee4498f9b,배연서,male,34,1988-12-10,제주 양천구 87번길 7
af22b3a4-a013-4894-b9ad-70a15e882716,홍다은,male,33,1989-10-26,제주 종로구 81길 55
ffb8d88d-3500-4468-9dfe-f7a9207d09db,안수아,female,39,1983-09-15,강원 송파구 38로 89
93ab0110-e1b4-4df9-be03-41731e67e2fe,하재윤,female,22,2001-06-28,전라북도 서초구 12로 81
97ff4690-f2a2-46d9-9004-e46155627755,임민지,male,33,1990-01-03,전라남도 성동구 57번길 46
f6ee6e64-dd4a-4322-a5b2-8dfb0298ca5e,남윤우,male,36,1987-05-05,제주 마포구 65길 15
d4b212e4-3e14-4309-a4b9-83792d778af6,김승우,male,19,2003-09-21,제주 강남구 51길 63
d742a7e6-376e-4da3-833c-079f1022778c,서재원,male,30,1992-10-28,서울 강남구 54대로 54
fd236afb-32e5-478e-be64-8771973fb046,조민우,female,11,2012-05-09,전라남도 동작구 24대로 95
d67d375b-7dc6-4b1e-996c-5844f36cf25e,장선우,male,22,2001-01-14,전라남도 양천구 93대로 71
65572841-164d-4b78-b63f-84d24d16655e,하서준,male,23,2000-05-01,경상남도 은평구 25대로 14
9d1b9ce9-b309-40bf-844e-5f3c8e50a6ac,나윤아,female,16,2007-04-30,전라남도 서대문구 81길 68
69d0f8fc-f2a5-41e5-b09c-475152f2b8cb,박재윤,male,17,2006-01-27,경기 동작구 80길 4
cefb94f8-374c-4d47-8fd2-aefd3195c1ec,정서진,male,34,1989-05-11,충청북도 성동구 24길 55
e1b4d99b-9ce5-41a8-96c9-f30146161272,조다연,female,12,2010-12-28,충청남도 성북구 18번길 33
a2a9a42f-f1c2-4a56-800f-051d4841b531,허시윤,female,13,2009-11-14,충청남도 동작구 99번길 7
3bef1442-9ee6-4076-b208-d1a8ebf3d1af,지유찬,male,24,1999-02-25,강원 서대문구 80번길 96
41cddd86-28f1-4354-94e3-906c850cdced,한지후,male,20,2003-01-15,강원 성북구 7번길 26
69c9d7a4-f49c-41ac-ab13-24804734eb69,임다인,male,33,1989-09-29,경상남도 강서구 16길 29
de21c8bd-16b2-41db-b9fb-b46cf94850d0,배민재,male,16,2007-05-13,경기 성동구 79대로 5
4ba08ff7-c854-4dff-87d5-57d7b4323a86,민민준,male,32,1991-03-10,충청남도 종로구 85대로 53
72d83878-f537-4241-a2d8-80d3631cd5f7,안승우,male,15,2008-02-27,전라남도 은평구 100대로 28
12f25749-236c-446d-b4ec-4936bc80e589,주준영,male,30,1993-04-03,제주 양천구 68번길 13
836e5fed-e8fc-429a-9c5c-c666f9d31ce6,우유찬,female,12,2011-02-12,충청북도 양천구 99번길 93
ff9f465a-b626-4e5b-9957-5304bb727e60,안준우,female,27,1995-12-18,전라남도 구로구 10대로 99
1883a580-b12f-4cd2-92e9-60a159b8ba18,김하율,male,20,2003-05-07,경기 강서구 48번길 55
bd6d7630-ee88-40e7-9db3-31c022f3385e,송지아,female,35,1988-03-27,경기 도봉구 10길 6
c2aa3aff-73b3-4191-9efe-b7ce2aa0fccd,김시현,female,31,1991-12-08,전라북도 동작구 87로 42
0870df9f-c6d7-4154-a735-2de619064c19,황유주,male,28,1994-10-26,충청북도 구로구 15대로 65
ade1cbec-17d3-469f-b186-43d2c3cb36ec,구채은,male,24,1999-02-02,전라북도 구로구 36로 31
7fb4377e-3cc1-48cf-bc89-91cb87691a6c,성서영,male,23,1999-10-22,강원 동대문구 31길 100
62ddae3a-5849-4752-ad64-c368e2547803,하이안,male,21,2001-08-22,경상남도 성동구 5대로 25
2ce3cc95-97cc-4c10-a68e-e9c329897c4f,남선우,female,18,2005-02-06,경상북도 강동구 94길 43
a5484976-f347-42a4-8b1a-252eff2ea878,허시연,female,16,2006-09-18,충청북도 강북구 100길 69
b5074bb0-c983-41e9-92d4-bd65bc089512,허지윤,male,11,2012-04-17,강원 성북구 64대로 39
5c630822-4211-4139-9e8a-bd03975d517f,김이준,male,13,2009-12-04,서울 구로구 87길 75
996d26f0-20cc-438f-a976-f78e3cfd4331,서채은,male,32,1991-01-09,경상남도 강남구 24길 72
684de523-3a7d-47db-b40d-d497c5ca4445,안민성,female,33,1990-07-01,경상남도 강북구 5대로 93
cdbbc736-ae93-4746-bc6f-0e81ca6e41ac,신이준,female,25,1998-04-11,충청남도 강남구 86로 39
b7260c0a-6999-44d7-a5fc-44b8e252b127,류연우,male,39,1984-01-03,충청북도 종로구 49번길 1
ca807741-c656-418c-a4ba-3d4c886e2528,성시아,female,12,2011-03-07,전라북도 관악구 5대로 35
b1b4ad25-ae93-408e-a89c-20faad414ca4,심예진,female,27,1996-01-02,전라남도 양천구 98길 4
8476770b-25f4-4e13-b912-1d6d11252e34,성건우,male,36,1986-10-17,경기 강남구 41번길 56
e72c568c-7717-42df-bffd-a8b21d48ac23,임서우,male,15,2007-07-22,충청남도 광진구 16로 51
bd0342d0-ceac-40e2-8853-29f974ed6e98,윤지훈,male,34,1989-02-18,충청남도 마포구 19로 79
db8c0f8e-a938-42e2-969e-b413cf59fd84,주윤아,male,38,1985-02-23,전라남도 광진구 74길 94
82fdae60-db8b-430d-b7dd-17e40a465b78,강민준,female,27,1996-07-03,경상북도 양천구 60길 97
e0aeab5c-f0d8-47e2-8e4a-b2eb447800fa,임우진,male,39,1984-07-06,제주 구로구 50길 59
39cd863b-6af5-45df-926c-bbf62cd0d34d,심지민,female,39,1983-12-19,경상북도 은평구 53로 31
f7e499ca-47ee-457e-a8eb-15f8237beec0,조서영,female,43,1980-01-23,경기 강동구 68번길 62
2d25dead-6172-41e0-85c0-116e572c9ec6,차수빈,female,17,2005-10-30,제주 양천구 60대로 100
5498af1a-9890-444c-bd51-ec2c91f7dfc7,구이준,female,25,1998-05-26,전라남도 동대문구 13로 35
8aeeac26-93e9-45ed-aedd-513a23072d27,장민규,female,34,1988-12-14,충청남도 금천구 90길 28
b91ec5b1-c177-4c42-be79-cc4e54c578bc,나채은,female,29,1993-08-20,전라남도 양천구 90로 47
557a2125-6e88-4173-b44a-2e6324bb395b,류현준,female,18,2005-01-16,충청북도 서초구 73로 10
23890551-e523-4d24-ad1a-d94288b5189e,구민준,female,18,2004-08-28,경기 강남구 84번길 88
f6eb1444-1b45-4c71-90e8-8663d8d11eab,정현준,female,35,1987-12-15,전라북도 노원구 1대로 12
4f088921-8846-481d-8b6f-15afbcc79138,곽소윤,female,31,1991-09-30,전라북도 도봉구 38길 30
74747dc4-04c0-44a5-b394-b7dce1d65ac4,문준영,female,34,1989-04-07,충청북도 금천구 33대로 34
80ea45a8-ecf2-4ebc-9029-29011de45756,주서현,female,20,2002-08-04,서울 마포구 35대로 46
e30f01b5-aff7-43e3-b2e3-c65b62345055,남승민,male,28,1994-09-01,충청북도 도봉구 60대로 21
0747b16b-c986-4c7d-aae3-30c4cc12836e,안하준,male,35,1987-07-27,경기 은평구 53번길 73
e22ffa83-faca-4948-b4ec-d223797fa527,문다은,male,32,1991-03-04,제주 광진구 96대로 39
4ccdf1fa-bbb8-4d1d-8ee5-0c9ac8685e83,구승민,female,42,1980-10-20,경상남도 도봉구 97길 31
20f2091d-8cba-4aa7-a160-435528c7fd61,노주원,male,26,1997-03-17,경기 양천구 10로 67
ecdda835-6a49-4ef0-93b9-ad46cb4cabc0,송유주,female,11,2012-03-03,전라남도 관악구 15대로 38
fb216a45-83e2-4b3a-943b-aef742a8555d,민지훈,male,26,1997-04-08,제주 영등포구 65로 32
5c88a77c-9121-4145-8e2c-dc6f8a8dc086,하지후,female,12,2010-12-15,충청남도 성동구 29길 72
17568571-208d-407b-a8db-ecb2bb750f2c,홍가은,female,17,2006-05-17,서울 동대문구 87로 31
3d6710d7-6a7a-49ba-b5b3-dd6d463b27c1,김준우,male,20,2003-06-07,경상북도 중랑구 16로 13
705681fa-b549-451a-93a1-82189f604f0b,민서우,male,31,1992-02-03,충청북도 강동구 62로 45
1a164850-4d37-4186-b581-d0ca5e794a04,심재윤,male,12,2011-02-07,서울 송파구 79번길 4
c1a93153-b584-46c6-9e8f-4c634b9920cd,오수아,female,10,2013-02-02,경기 동대문구 63번길 73
0093964a-4138-4f8d-a96d-1bdec94db497,류채원,male,34,1988-08-26,제주 금천구 63로 11
96abb612-4f59-4a65-9fc4-073370cf717b,정서현,male,38,1985-01-25,경상북도 은평구 3대로 60
a444dfa0-ed2b-4074-a0a9-0dd6105b68df,우지유,female,42,1981-01-12,경상북도 성북구 4번길 23
8701ac50-10f0-4054-b08c-213dd63ace4d,백은우,female,28,1995-01-19,충청북도 구로구 99길 99
67c6e104-a47f-42da-9d97-a2d3486b81db,서윤아,male,39,1983-12-27,충청북도 영등포구 34번길 8
958752cf-99df-4cc3-b2b9-602d734079a7,유지원,male,19,2004-04-24,경상북도 관악구 65로 88
066f4d72-b499-4425-b4da-30305f4f1bc9,양채원,male,12,2011-04-06,충청북도 성북구 34대로 55
3932095a-2ecb-4ee8-9006-bdc445c37448,강은우,female,38,1985-04-18,전라북도 성북구 94로 88
ac7d732f-c4aa-4bf5-8ff4-6477165fd92d,문은서,female,42,1980-10-21,제주 송파구 21로 16
17d9de6a-5407-4b55-a633-f150e9adfdbf,문민우,female,33,1989-11-19,경상남도 은평구 64번길 1
50af8c19-908e-40a5-affa-7338d71a04fa,배유나,female,33,1989-11-12,충청북도 강동구 33길 40
944bd381-ef7f-4a80-a0b2-4cc9c8cce227,박윤우,female,30,1993-06-02,제주 관악구 34로 91
88dee701-231b-4c68-8f79-8418e1a82cbc,신채은,female,18,2004-10-16,경상남도 도봉구 18대로 72
48bd1cda-33f7-49bd-ba96-68074d12521d,노민지,male,20,2002-12-06,서울 송파구 67길 4
e1255675-4b2f-4220-a1c8-f11c67698cca,양윤아,male,28,1994-11-15,서울 강서구 31로 81
0423f7dd-7e4e-4715-b71c-6b7c5a9e3341,김민서,female,33,1990-07-04,경상북도 서대문구 85번길 7
ec42a6e3-9d07-4db3-b0a0-03b690a63e56,노하율,male,14,2008-12-07,충청남도 중구 68번길 37
9f276cf2-30d6-41ef-84e8-0908fdbb9384,손현준,male,38,1985-05-26,전라남도 마포구 59로 18
2e34ba7b-4a2d-4109-9232-d0d1e49024a3,강민지,female,16,2006-09-08,경상북도 양천구 23길 2
c5549245-3521-48af-bce0-838329c21c82,한다연,male,41,1982-03-16,서울 강북구 45길 91
89e62cc0-7222-4d4e-8cf3-4a077da7dc4f,하소율,female,36,1987-02-18,경상남도 강동구 77대로 14
318e7711-b5c7-4a24-90a0-c13bdc0b5b24,양준우,male,9,2013-09-07,경상북도 마포구 30로 90
33fb8f72-3fcd-4b34-ae0f-57ab45a8415f,이시후,female,18,2004-08-31,제주 중랑구 6로 7
a9d4e935-8a3a-4055-b3ed-6908102115ef,백유찬,male,31,1991-12-04,경기 구로구 48대로 26
e856b9bc-7163-4b7f-b523-0fed1c9c6449,양다인,male,29,1994-06-04,충청남도 금천구 100번길 28
30461150-9a49-4bf1-9888-65f84cd160c5,나준혁,male,36,1987-03-14,충청북도 금천구 63대로 58
ec77986e-cbb8-465f-9292-41954a14a4f8,이다은,male,14,2009-03-15,제주 성동구 52번길 27
ccd9f4a0-a700-4aad-afd8-6e1ca1e3ed1d,성수연,male,20,2003-03-26,경상북도 성동구 37로 43
7a96fa16-4ae3-47cd-a2db-754b55bc750f,구수아,female,31,1991-10-31,제주 동작구 63로 58
bec1de05-0f46-4f9f-80be-151cf07e51d3,오동현,male,28,1994-08-04,경상북도 강남구 5로 100
aa88fe9f-3cee-40b9-897d-6528948c56cc,최주원,male,12,2011-03-02,전라북도 성동구 27길 78
f04b8824-964a-4ff8-a037-6b73fb8e9db8,진서준,male,17,2006-04-22,경상남도 관악구 40대로 20
fb146b94-5ebc-4b50-b62d-ecd37b144465,정민규,male,39,1984-01-25,강원 종로구 68대로 83
7eacf53c-ebfb-4329-b911-0a7cfe59af68,백윤우,female,23,1999-12-11,경기 성북구 64길 72
b31dc46f-4805-449c-8bfd-02a1a586f2f8,류민재,male,42,1981-06-02,충청남도 양천구 11번길 42
265e50ed-0b05-4fdc-8905-02edb4fa623f,유예나,female,13,2009-09-22,제주 금천구 24번길 84
4c69a6f5-df97-4fa3-9c20-484aa8a89190,노지안,male,28,1994-10-20,경상남도 광진구 78로 33
f56a6cca-1d70-4f1b-a150-8d5bcfe8c90f,주예진,male,34,1988-10-29,전라북도 노원구 40대로 20
6bc90685-fb11-40e3-ab22-52c7047f4d49,전하준,female,18,2004-12-31,경기 서초구 73번길 84
b11833f9-2e83-48c3-aeb1-b8f4d800554e,문유나,male,10,2013-01-11,서울 강북구 61길 58
1dbec205-aa2a-4f4f-9135-dfecf6bccf36,임시아,female,30,1992-07-21,강원 영등포구 84길 97
e1d05fcb-2be7-4b30-8314-f85ca3507415,홍도윤,female,30,1992-07-18,충청남도 구로구 11대로 40
49b22d44-5a95-49aa-b149-87873f89ef91,김윤아,female,18,2005-06-12,충청북도 광진구 28번길 33
ac989a1e-fd97-4a02-aeb5-0fdc0330c251,전민서,female,17,2005-09-04,서울 강남구 4길 84
f445e47e-2e81-4ee9-964f-5d72f0134f0a,황다연,male,35,1988-04-19,경상북도 강서구 79번길 58
3c259581-14a4-4055-8f52-926745785838,정현준,male,40,1982-08-26,서울 영등포구 100길 57
4555aee9-fe98-446d-b53b-ea31492956e4,하민규,female,41,1981-10-18,경기 강남구 31길 77
4b02fcff-a21b-4f29-9719-9eda2df85310,구수연,female,42,1980-07-26,전라북도 관악구 6대로 61
d1200e51-5ffc-4c5f-bcd0-1cbeae574c53,오지환,male,30,1993-07-07,전라북도 서대문구 33대로 33
fc1114cb-2d32-439a-a157-ad477fd78e23,남예서,male,15,2008-01-09,전라북도 마포구 1대로 6
63d13107-4b33-406e-859c-885601b213fa,강하린,female,25,1998-06-13,경기 도봉구 97길 21
c01bd7e9-2966-4af6-8e0d-c03ce4b0a465,손민지,male,12,2010-12-01,충청북도 광진구 47번길 19
545fc1d5-f6b3-49fd-9a9c-3f2b11e52d99,허민규,male,24,1998-12-17,제주 금천구 37길 44
da899a47-3d2a-495a-980b-1d858a9b6542,조다은,female,32,1991-04-27,전라남도 관악구 72번길 58
df1ec06a-4a55-4c7d-aace-b1297d1e6f5e,신태윤,male,27,1996-06-26,전라북도 영등포구 49번길 4
33dc5115-5842-4de2-b364-55e3028a7e95,박이준,female,25,1998-01-13,충청남도 중랑구 37번길 4
61aa4485-9c24-42fe-9bc9-8e4faed6a350,최시윤,female,34,1989-02-13,경상남도 동대문구 63대로 48
2a58c7da-cb48-44d4-8af8-d1b9194bafe2,최하린,male,33,1989-07-25,강원 광진구 13길 50
ba68a539-020e-44b8-aba9-0faaa4cb260a,성예진,male,14,2009-02-13,서울 광진구 50번길 39
30c1ec46-22f6-4033-bdf4-ddacc86cc569,전예나,male,40,1983-07-03,강원 금천구 83대로 21
602b084f-3753-4baf-a1c6-424fec377a4d,조시연,male,24,1999-04-25,서울 관악구 80번길 3
ea41fff0-4a8d-407d-b670-5adee62e333e,구민우,male,35,1987-10-10,경상북도 노원구 16로 85
0afabe51-e17f-419a-94fb-d8297c5ff774,장서연,male,41,1982-02-24,전라북도 동작구 54대로 98
e9ed8c23-f639-419d-aa4b-1173c1b0baf1,민윤아,female,31,1992-02-10,경기 성북구 34번길 86
b922339b-733f-4049-97d5-b963b7a66dfa,강은우,male,37,1986-02-17,서울 강서구 12길 63
ed8ad3c9-1e80-4a31-9a09-86f4b9a78062,임시현,female,24,1999-06-04,경상남도 강북구 14로 93
9edf9d87-5be9-4e2c-9b89-0b3a3f32a079,진아린,male,34,1989-05-11,경상북도 도봉구 75로 2
d9b5ef83-4e93-4383-a3f1-c548b0b30b37,문시윤,male,39,1983-08-15,경상남도 중구 58로 38
7c2e6f25-e809-4a83-a395-ef0ff92d5aca,송채은,female,25,1997-12-22,제주 강동구 35길 25
4058c6b1-11f4-4eea-aa73-acab770fe51c,박아린,female,14,2008-08-22,충청북도 종로구 75길 62
f4b601a6-264c-401b-b0ba-0a14b0f4de34,배서현,female,11,2012-05-26,충청북도 금천구 46대로 34
d7fbc42c-7d7e-4b91-a43a-310dec8ffe98,임하은,male,34,1989-04-13,제주 마포구 16로 25
2bc6bb87-023f-4291-9e9d-0ccf01124e67,권윤서,female,11,2011-12-21,전라북도 송파구 36로 11
81bb4e89-ac02-4012-9862-d879cd46f8fc,남서준,female,16,2007-02-26,제주 광진구 58번길 100
57ad744f-faff-41f1-b510-12e507cae560,유소윤,female,29,1993-12-18,강원 성동구 32번길 50
b8d31389-10d4-40cf-8b83-ba4d644109a4,남지우,male,30,1993-06-08,서울 강서구 9로 28
67e96abd-07bb-4080-b62b-25c8914e69cf,정하린,female,25,1997-08-02,경상북도 중구 69대로 71
20292bcf-a659-4092-9683-612f057a65d1,백지원,female,29,1993-11-19,경기 광진구 89대로 34
2cc55665-21ee-48c5-9c13-38feddaa56a9,배시윤,female,28,1994-09-18,제주 동작구 19길 15
e4a54551-df38-4c29-b774-f14e16a4166f,남지유,male,10,2013-05-28,제주 은평구 9로 60
894dcc5b-416f-432e-8d0a-0fe9bf325372,황민규,male,24,1998-08-08,전라남도 광진구 71길 23
4f00a854-356f-4f29-ab4c-c030d5ab88c8,송유주,male,13,2010-02-20,충청북도 금천구 27번길 73
4e42795a-14ec-4860-9c94-3023101f63d7,문채원,female,11,2011-09-29,충청남도 영등포구 1길 76
4977c5de-7601-463c-b770-a6b6add5837a,구유찬,female,26,1996-07-31,충청북도 동작구 67로 60
2f0d8326-3c7f-4a62-a166-eb7abc85b685,고지후,female,16,2006-10-22,경기 용산구 85대로 32
86372e5c-ebf1-4284-b988-8c2c86eeb120,전선우,female,21,2001-12-26,경상북도 동작구 85대로 2
ad22975a-f58e-4921-927f-ae184292113e,오윤서,male,29,1994-05-03,강원 광진구 9길 30
ae4b0d8b-18bf-4f78-820b-ad8f3265b0ed,성이준,male,27,1995-10-12,경상북도 은평구 80번길 28
420aa883-f587-4c14-9479-b9846b9a138e,허현준,male,32,1990-10-13,전라북도 송파구 36로 41
b2cefb21-9453-4a0c-a94b-61baaa73e71a,민민지,female,18,2004-07-30,경상북도 광진구 86로 31
ea23c18d-2f2d-43f0-af93-bc0407ff6c67,이다연,female,22,2001-02-15,충청북도 강동구 20대로 38
06240916-84b5-4ab5-9aca-e1925a528869,곽승현,male,34,1989-06-28,경상북도 금천구 47번길 28
d6926762-2bef-4d20-8b11-2ede91160174,심은서,male,40,1983-05-08,전라북도 구로구 29길 34
a8d25d24-f773-4700-aa0e-a4db12742e68,손수민,female,24,1998-09-07,제주 영등포구 53길 39
f0e9760d-dec7-4c23-b8cf-5b1cc33838d7,지윤우,female,28,1995-05-09,충청남도 도봉구 46길 72
bc6341f0-859f-4520-8bc5-95737674a996,노한결,male,23,1999-10-13,서울 도봉구 25번길 60
2d9e0495-6db4-4c14-ba93-bead220a60ad,양주아,male,20,2002-11-28,경기 노원구 89대로 6
e2c51808-0a49-4f68-b10c-17efed4afdf9,심채은,female,29,1994-02-19,경기 서대문구 98로 72
96d8817d-a918-4c67-889d-5033d3206c92,강지원,female,24,1999-06-29,경기 금천구 27번길 75
27ff2248-5f36-44f2-b598-5de4b00b6766,민지호,female,30,1993-05-18,충청남도 서초구 31번길 84
69ea4371-8cf0-4872-9500-b156fe862dec,황지원,female,28,1995-01-20,충청북도 동대문구 92로 2
d4fc703d-9bea-4ab8-b0da-87dcf3fe6963,구윤서,female,24,1998-10-15,제주 용산구 2대로 86
fa6839d6-2b61-4f8d-8f9f-8d1390560271,하채원,female,38,1984-07-24,경상북도 강북구 88로 89
6e78c33c-ba5e-42b1-b050-4ac7695364be,류우진,male,24,1999-01-10,강원 중랑구 57대로 93
1429d693-1409-4ab7-bd55-cbc9689a5fa4,곽서아,male,38,1984-09-28,경상북도 종로구 51번길 49
bd394d1e-a011-434d-9151-e56d9fc668ee,고지안,male,33,1989-09-01,충청남도 광진구 86길 78
439bae3d-6ff8-4ed5-8a9d-1cdac07212c0,최시연,male,32,1991-01-29,경상북도 마포구 20번길 36
1351830c-d427-47bf-bf6d-ab91f2777ff4,양지민,male,38,1985-03-17,경기 마포구 71길 10
f9938c30-a09d-4f65-9817-35dac76b06f0,강시후,male,23,1999-10-06,경상북도 중구 45길 96
3fa49a36-2fef-4b34-890a-0cc37cb95ec1,신수빈,male,36,1987-05-16,전라북도 강서구 1로 95
fc83758f-3e81-4d47-8057-f48aec570c2e,고다인,male,12,2011-06-24,경기 강서구 39번길 12
d60fb99e-6dc0-4b02-8ace-aef3e5b2e865,송현우,male,21,2001-10-16,경상북도 동대문구 20번길 65
79cca275-769d-449c-86d4-de4c2ba68769,유지윤,male,33,1989-11-18,충청북도 동대문구 56로 25
ff4608ba-7bbd-4821-b496-0cea4a5cdd20,구시아,female,24,1998-10-05,전라남도 광진구 42로 90
36aa5659-c552-4d7e-8d3f-b5a542683589,서승우,female,43,1980-02-26,경상남도 광진구 39로 51
0bf38556-15dd-4b0a-9e43-54237a7ab16a,조소율,male,30,1992-09-04,전라남도 강북구 7로 78
3c7d9539-2584-4cc4-a91a-dbb049e044ee,허준혁,female,33,1989-11-12,전라남도 동대문구 14길 84
02edd32b-b3dd-4f76-8751-f55788828d9f,백시아,female,32,1991-05-07,서울 영등포구 50길 92
c7c37274-3b1e-4a0f-867e-f7052b1b3afc,권지민,female,9,2013-11-30,서울 성동구 55번길 98
03ed9926-1d67-4f75-80ed-f9cabb05c8a1,최서윤,female,10,2013-05-03,강원 동작구 53로 24
340372d5-d949-45dd-adc8-77dda1e2e87b,심예린,male,26,1997-04-21,충청북도 종로구 65번길 5
f71370b7-022b-4d34-a710-5b9defac4cfe,하유준,female,18,2005-02-18,경상남도 영등포구 59번길 21
e816e856-f051-4ae6-980d-899654eb9113,서연우,male,24,1999-01-04,제주 종로구 14길 31
0afc743c-3452-4515-8639-fc85083aae39,나시은,male,40,1982-11-05,경상북도 강동구 88번길 89
fc598f3d-16d8-4019-a9c2-9df5b1e8b9d5,송주아,male,11,2011-12-12,강원 마포구 20로 18
fcfb5864-0d28-4004-9033-217c0bde9f6c,정서연,female,39,1984-03-19,제주 용산구 88길 11
7c4fcd20-82aa-4c73-960b-e4b1e6aed9f2,조지후,male,28,1995-02-03,강원 영등포구 29길 10
b46aacc5-cc53-44ac-a827-0d8b27c938cd,고다은,female,19,2004-06-06,제주 노원구 99번길 8
e1d97cbe-ddec-4e06-9b50-5fdaed21cce2,남준혁,male,40,1983-05-04,충청북도 송파구 32길 89
e972a44d-8eb0-41ca-9f26-221c3539e3a3,권하준,female,18,2005-05-09,충청남도 양천구 48대로 70
da2e3396-70ca-4fe5-a361-7c439b30b79c,한예준,male,13,2009-11-16,제주 용산구 5번길 36
8853f2fd-9006-421d-a298-ef581577b3dc,남민규,female,29,1994-06-09,경상북도 용산구 81로 18
4f97918c-438e-4147-bf1a-7d7563ddb519,송채원,male,41,1981-07-22,강원 관악구 74번길 60
1cb2a127-2659-49c9-ab15-de5d233c49a5,차가은,female,18,2005-02-25,충청북도 강서구 37번길 52
38254c37-e355-4fa2-8ca5-9f6a15e4a6a2,서하준,female,28,1995-05-07,경상북도 동대문구 35로 35
599fb210-bdd4-45df-ba3a-f9d242da655d,정승민,male,18,2005-05-23,전라북도 은평구 94대로 10
82bdd829-a22d-4f0c-8e41-5ee733c9a614,서수아,female,24,1998-08-28,서울 동작구 58대로 24
98e65954-5e18-494a-8c67-f9d59c02cfdf,최서준,male,27,1995-12-01,제주 송파구 17길 84
8a62ac7c-d83c-423a-8270-9b291ae7a6b0,민유진,female,41,1982-03-04,경기 도봉구 62로 59
9a5975bf-af1e-41fa-b7d7-2f0c2488954c,진도윤,male,36,1986-12-24,경상북도 강북구 70로 25
82332dcf-8139-48b0-8546-3c3baef6d4a5,노지아,male,17,2006-03-28,전라북도 동작구 42대로 32
a8dae3e4-dfd7-4eb6-a677-8c41ded821b1,남승현,female,24,1999-02-18,강원 마포구 86대로 44
74be5957-14c0-44d6-8c66-f8445c2a8fbf,차우진,male,32,1990-12-18,충청북도 종로구 22길 26
6c6d164c-0d0f-4fd8-a5cb-d20d94fdf057,심윤아,male,36,1986-08-08,충청북도 송파구 28대로 65
fad8a8c6-c3fc-4020-95b7-1953ab073c14,하시연,male,14,2009-06-02,충청북도 성동구 37길 42
16747650-47e6-406e-8786-30acc9f2c329,지민지,female,18,2004-11-24,경기 광진구 96로 56
d4aa8a00-2e04-45cc-8997-c2b92b283a17,배지민,male,43,1980-02-24,강원 중랑구 92번길 49
378eb182-fed7-40b3-b56c-0129a0a75d74,오예진,female,41,1982-01-10,전라북도 금천구 8번길 91
589de106-00fe-41a5-b3bf-d0aec46c48e5,지준서,male,41,1981-08-29,경상남도 용산구 11길 66
7d96c74c-9022-42f4-a61c-280d14dd4813,주아린,male,28,1994-12-01,충청북도 성북구 64로 71
3aab641c-21d7-4833-9bae-abdb05540a11,나연우,female,25,1998-03-13,서울 영등포구 5대로 5
c0dc3b61-74d0-47f4-b491-a81b68411105,송지윤,male,23,2000-02-29,서울 강북구 99대로 35
fd619b11-6d13-4b5e-8f49-946483375aeb,백진우,male,21,2001-10-15,경상북도 도봉구 30로 3
cd9d8aeb-9828-489a-a5a1-4d4e26f725b2,남은서,female,18,2005-05-06,전라북도 마포구 13번길 48
c4f2c385-17a3-4ac6-afe0-e19040112b36,김도윤,female,22,2001-03-20,경상남도 중구 71로 37
c7846c20-50d9-438e-8c1f-392589db2dd2,심수아,male,20,2003-05-11,충청북도 강서구 72번길 40
db83cfac-c918-4b21-975f-40d1ee6cf0d5,하민규,male,32,1990-10-13,충청북도 강동구 62번길 52
42a22b8d-10aa-4f36-b3dc-3b2c99ce46b2,조한결,female,39,1983-12-19,경상북도 동대문구 22번길 89
d3380b8a-1a06-4273-84a1-56267f3076db,장유진,female,28,1995-05-03,서울 영등포구 64번길 29
e481eb35-8eb3-4f77-9bd6-b62251024288,안승우,male,24,1998-11-30,전라남도 관악구 97대로 58
2f185863-2a84-43cf-93b3-9ec94b6d2841,허예은,male,28,1994-07-24,서울 성동구 71대로 46
8a034e0b-747e-4034-953c-04d198549820,남승현,male,23,1999-08-19,경상남도 성북구 40길 80
f24bf42f-dae0-4203-b35a-a074321a1436,한도윤,female,25,1997-11-20,충청남도 송파구 50로 90
935e4814-3e54-4eb0-a252-941ac22eb116,진하은,male,40,1983-04-04,경기 관악구 46길 64
a89cbe83-1b5e-4a0c-a632-a41246cde046,오지원,male,13,2009-11-14,충청남도 송파구 16대로 24
de161984-5328-4be0-aa89-8331135e58dc,박다은,female,37,1985-09-12,전라북도 중랑구 38대로 84
6b8d634b-bbdd-455d-86a8-a5391ca0db7a,최선우,male,22,2000-08-06,경상북도 강남구 19대로 39
d7e866a1-3833-446c-b7cf-0ff120b8478a,권승민,female,38,1984-08-31,제주 성동구 61길 76
740ef570-23a5-4094-a527-cfa936e61fd3,백지유,male,40,1983-05-22,충청남도 동작구 36길 80
d26ce617-c329-4cf8-829a-dd410c4faaf4,윤한결,male,36,1987-05-28,전라남도 금천구 62로 26
72e3edf7-2d8e-4a96-8bec-061f4dedca3f,노현준,male,41,1982-05-05,전라남도 강동구 53대로 4
1621b764-f7cc-4b0e-aa37-40c653f25cf8,박민성,male,23,2000-05-13,전라북도 송파구 18로 80
12063fe3-36e4-4907-9127-50aa2958df9b,전다인,female,23,2000-05-17,경기 노원구 31대로 95
05086637-3791-4507-88ab-e2aac2064695,구준서,male,14,2009-01-12,전라남도 서초구 81로 1
ee605165-7399-4f7a-8ad2-19df2e2d51b7,조수호,female,12,2011-04-08,경상남도 강북구 85번길 16
70ce52d0-f113-4afa-97af-d84f46907afc,나지훈,female,19,2003-10-10,경기 종로구 52대로 77
30284db7-32d8-4bf7-ab31-9648e10d3853,이하윤,female,17,2006-02-06,강원 강남구 42로 93
6a9d1c6f-5728-4a8e-8123-1b81ece9e8c2,진지안,female,30,1992-07-15,서울 금천구 90번길 11
e00de46d-4557-44d5-a64a-17d899883592,민서아,female,24,1998-08-23,강원 중랑구 80번길 6
7789f2d2-8dc4-41f0-ac59-57b169de5bf6,서지민,female,37,1986-03-25,서울 용산구 85대로 50
f24b2249-dae8-465c-8cbe-af2fb138afcc,박은서,male,20,2002-08-10,제주 금천구 94로 40
2e1652bf-50d8-419b-a51b-394d2f37725c,고시우,female,16,2007-01-24,제주 중구 97로 10
bb09a423-579c-498c-a86c-d715ab3751d0,성지아,female,14,2008-10-30,강원 강동구 11번길 20
2ed08921-0e2d-4bb5-97eb-915eaf1f9d9d,이선우,male,14,2008-11-11,경기 강서구 83로 52
a8eb4ad1-ba00-488b-a653-aa8322cc5aa5,노이준,male,21,2002-05-01,경상남도 구로구 75대로 45
472b79b8-6cef-474c-9485-65355f168de4,하민규,male,11,2012-05-07,경상남도 영등포구 74로 80
965032fd-e80c-40cc-9c2a-8d86d96b770f,박지민,male,13,2010-02-16,경상북도 금천구 85번길 98
3ff30a2b-4fd5-4802-9f04-4847987e2262,배시아,female,30,1993-05-10,전라북도 강남구 51번길 66
a5c58acd-3456-479f-b359-6d7644f5d99a,장주원,female,25,1998-05-30,서울 구로구 33번길 81
6baeb48d-722b-44e6-8a5b-2d3af4b75d3f,전서연,female,39,1984-02-16,충청북도 은평구 87번길 69
27ade55e-00ce-4607-96a6-47451d41711e,성한결,female,13,2009-10-20,서울 은평구 49길 80
26e9e549-26f3-46d4-b4ad-fa9a7c95c56c,황지우,female,12,2011-02-01,충청북도 광진구 42번길 80
2cd47740-4b4a-4f82-bebb-c97acf193557,지지윤,male,27,1996-02-17,제주 관악구 11길 84
0355b3c2-0fd9-4bd3-be69-a31eae776dd1,허지훈,female,39,1983-12-07,경기 강남구 28대로 14
713faf44-24f3-4dea-bcbc-d546655321d8,강주아,female,39,1984-02-27,전라북도 송파구 55로 51
6f34f323-7706-417c-a4e3-655939c70a79,이수민,female,15,2008-06-20,전라북도 노원구 83대로 92
bdd86b53-5ced-41b9-a565-857ee9fb9b92,오연우,male,22,2001-02-21,충청북도 관악구 59길 76
bbd420ae-f895-4197-bc51-f93b5c4cd4d2,진하율,male,24,1999-06-01,제주 도봉구 89로 73
0c7389c9-d8ed-45f2-a62c-32e7d6fa4ef8,김지안,male,40,1982-09-27,경기 동대문구 66번길 66
4ada2baa-db89-4adb-9f53-0fd06ffb69f4,손서아,male,10,2012-12-01,제주 도봉구 84길 25
527a7287-5a61-4082-ab70-632e32a9957a,류도윤,female,25,1998-05-02,충청북도 서대문구 80로 19
3a05345f-7959-42ab-96c1-7256747af4a0,송지훈,male,15,2007-12-13,강원 강서구 12대로 56
8b8b2ac3-34e3-4c80-a421-9a0a66827216,민수빈,male,24,1998-09-10,충청북도 금천구 93번길 20
3e5211bc-9b52-46b4-bf06-04ba0afe8da9,박승민,female,13,2010-01-07,강원 동작구 93번길 33
96dd2c6e-773e-44a0-8cea-935429dad2c6,한다은,male,35,1987-09-30,경기 마포구 83로 16
6d6d4cb8-fef0-4c78-9d89-754b25538e05,박재원,male,41,1981-09-28,제주 동작구 32대로 29
d7b72852-14fd-44b4-aad4-4cfb26b8f116,전민재,female,14,2008-10-08,제주 양천구 3대로 16
22ad3e1a-9afc-4bad-ae7f-bba81555c17e,안지환,female,22,2000-09-11,전라북도 영등포구 60로 41
9c2fbb93-df6d-4ca7-92fe-a4d98f73b277,서유준,male,18,2004-12-04,경상남도 금천구 51로 78
50f3eb45-1ffb-424b-88b8-43aede8c6688,진소율,male,25,1998-04-23,경기 서대문구 61번길 68
e8d9bacd-64c2-4f1e-8f38-4dcb96d3f226,이준서,male,21,2002-02-20,충청북도 중구 55번길 91
56ad85a6-773e-4579-8647-b3a932ac4da6,곽민서,female,25,1998-03-12,제주 금천구 27번길 13
a3e37deb-a0e7-4c71-ba07-3953b2613da3,양지안,female,27,1996-01-18,경상남도 강서구 27로 80
a80d1247-4d3b-42d6-9e12-aff544146af5,문지호,female,42,1980-11-19,제주 동대문구 29길 63
11db6af9-d52f-4560-aa7a-3c45b430c4db,배승우,male,23,1999-12-09,전라북도 구로구 19로 90
e7f0c1ba-e7ef-4e97-a90b-989277b4a4a8,김수현,male,28,1995-06-16,충청북도 강남구 12로 14
a5d74638-d1ca-4275-bb6b-d9476c887fa1,백승우,female,29,1993-11-09,경상북도 서초구 17길 87
228ca14e-65e0-4704-b225-04fd8fad7f9c,류지후,female,20,2003-04-21,서울 중구 94대로 33
79064e5c-684f-43fc-bbcc-63accb08ce7f,류수연,male,23,1999-10-27,경상남도 강동구 82번길 75
970d193a-3d17-4b31-9589-eefba0b60b0f,최수현,male,42,1980-11-26,강원 강남구 30길 33
b4e2f5e7-f63f-4549-871b-0633d63e4385,최수아,female,14,2008-09-26,서울 노원구 91길 39
1255e9cf-32c9-40e3-bcf3-8c0ede75985e,양유진,female,41,1982-02-06,충청남도 관악구 58번길 1
29845376-54ce-436b-ae23-7f5b4aa6c990,박아린,female,37,1985-09-12,경상북도 노원구 18길 91
2b07a45b-b34a-4317-9c97-a6bec76ace88,오준영,male,9,2013-09-05,제주 양천구 44대로 41
efc981ed-1f5b-40f6-9167-9f45c5d5a305,류예서,female,26,1996-08-27,강원 강서구 7번길 62
014e73b9-372e-49f5-ad3a-0778988a74ef,허수빈,male,37,1986-03-29,충청남도 광진구 30길 71
b878352d-13ac-44b9-a18b-d545c4d37467,신지호,male,10,2013-03-27,충청북도 금천구 85로 42
c5bf88fb-915c-4aa5-a921-f98a5ccb73f8,심유진,female,22,2001-04-26,서울 도봉구 91길 93
580ce8f2-5fb6-45f5-9c94-67b7a99a20c7,백승민,male,25,1997-08-28,전라남도 동대문구 86대로 59
49d8447d-50f1-40bd-a7c6-332ba163c7af,유선우,female,38,1985-01-21,전라남도 송파구 100대로 59
0fd58d73-a59a-47a1-8e23-95cba48e5895,류민규,male,37,1986-01-09,제주 구로구 20길 12
54c50dd8-93f6-467b-a856-a259898c486a,지지유,female,31,1991-08-24,전라북도 송파구 14번길 13
143fa1e1-76da-4063-a660-43ea4b70e8cc,곽도현,male,9,2013-10-17,전라남도 마포구 31길 85
a8f1db4b-459e-42d6-beb4-6becc8579b3e,구재원,female,27,1995-09-03,제주 영등포구 32대로 54
bdae88f7-8f76-411b-bf7f-43d90d677543,정서아,male,12,2010-12-11,경상북도 광진구 100로 8
0033222f-6e16-415c-9d38-7287284841b7,권유준,male,27,1995-09-09,전라북도 양천구 70대로 77
c717f583-a754-4e1e-96fd-c483896a7d7f,신수빈,male,32,1991-02-26,전라북도 송파구 85번길 87
59f2684c-62c5-47f6-b61e-d2777548f901,황유준,male,14,2009-01-19,경기 서대문구 68로 33
8d593557-2d9f-48a9-9819-8d32d8dfe4d6,우건우,male,10,2012-08-07,서울 구로구 57로 90
8154a0a4-0985-42ec-bc3c-501986174437,백준혁,female,37,1986-03-31,서울 금천구 54로 20
ed370b56-7180-4e29-9940-d9aba2b9c653,진다연,female,40,1983-02-20,강원 도봉구 52대로 50
74edb18a-e7bf-43e7-b72c-78025ae4df26,하준영,female,42,1981-01-09,강원 도봉구 85번길 62
de9de3ec-52c3-4e79-ad67-8548124de910,홍시후,female,29,1994-06-27,전라북도 동대문구 18길 10
0723126b-65f5-466c-a6c0-a18dac69a5ec,서승민,female,34,1988-08-31,경기 은평구 29길 98
390f0164-228d-4941-aff3-38b6c78886d3,이예나,female,25,1997-08-29,충청북도 중랑구 67번길 76
5fc6e6b4-c585-4a3a-b855-3277269d4d24,홍승우,male,34,1988-09-19,경상남도 광진구 7길 20
774951e6-dc6c-4d92-8100-74b1b1fd3b77,서하율,male,32,1991-02-08,경기 영등포구 95번길 37
c7213df1-996c-462c-b49c-00c1f5d9f980,우서진,female,25,1997-11-08,제주 양천구 6대로 72
08e699e5-8a7d-4b8a-a2b7-49773cb5fe43,김서아,female,27,1995-11-27,충청남도 광진구 95길 16
9209ebbb-3089-4e3f-bf86-04f2fa398571,신지환,female,43,1980-06-26,경기 금천구 91번길 24
87b92076-5aa5-4687-ace7-a762e9d85af0,백도윤,male,36,1987-03-23,서울 영등포구 3길 32
03850374-f5f3-4f7b-a052-77b91a99b2fa,오승우,male,28,1994-09-30,서울 송파구 64길 38
58aa1020-82a3-4857-afc5-a73122c5d05b,류은우,male,39,1983-12-17,경상남도 중랑구 38로 75
00346b95-f19a-4e2b-adc4-d3a1817de9cb,유준영,female,39,1983-08-29,서울 도봉구 62번길 36
1fb1597b-5313-46ad-8237-f8578b58d4ef,서은서,male,21,2001-08-19,서울 용산구 11번길 6
b10197ee-8abb-479d-aca1-cafe8987fa77,최민지,male,31,1992-03-23,경상북도 양천구 89로 70
8c908584-b599-4b60-a218-bdd148e27d92,오하은,female,39,1983-09-06,강원 서대문구 58길 19
483cb5b2-c07a-4e02-a89e-9b89621992b6,지다연,male,41,1982-02-03,서울 광진구 82번길 87
adf0f5f1-fbf3-4cb5-a4b5-4a62de7aff04,송지유,female,10,2012-11-30,제주 양천구 60대로 23
0606dd22-68f2-427f-9450-3d204dfc93c6,노지민,female,35,1988-06-21,경상남도 중구 93번길 96
a4fabad0-b1f6-488d-a343-c944e6834fba,백채원,female,33,1990-03-24,경상남도 마포구 10로 35
57e64f77-d4a0-426c-a814-420904b13a37,권지훈,female,25,1998-02-28,전라북도 양천구 54길 58
6a84a994-6d8e-4a82-a19d-0cd6d193718b,정이안,female,28,1995-01-24,전라남도 서대문구 28번길 3
4faf185b-02d3-4797-b318-dba67dc2bd4a,고지윤,female,10,2013-03-28,충청남도 성북구 29길 14
0406eed3-ee29-4b49-81b2-a053eda088bd,강재원,male,11,2012-01-02,충청북도 영등포구 27대로 23
025a5aa1-916b-458c-b0dc-bac318ba64fe,구유주,female,18,2005-02-22,경상북도 양천구 60길 55
fe478ed6-4a2d-45da-b304-100048d69d5c,진소율,female,19,2004-05-10,전라남도 중랑구 51로 47
e7ddbe1a-d897-499f-b36f-a113171de1fd,박윤아,female,19,2004-05-19,제주 서초구 89번길 86
94f0b868-3d04-4d59-a382-63e9c71a90ec,우수민,female,35,1988-02-16,제주 용산구 17번길 83
c1efc2c1-bc88-401b-b32c-97f7b2cca981,남태윤,male,32,1990-10-23,전라북도 강서구 34로 62
a4563482-8a44-464b-a6c8-655f929f2fd6,오수호,female,12,2010-09-11,강원 중구 23길 63
ca1f2227-8b44-4b68-9997-aafafc0f2b64,유가은,female,38,1985-06-04,전라북도 중랑구 56로 63
9e44555f-1010-416f-866d-6124a17a5f09,유수아,female,39,1983-12-03,서울 동작구 91번길 77
140032d6-64e3-4cc6-a69d-77a28bda423c,고이준,male,32,1990-07-22,경상북도 은평구 47길 70
111048fb-7e62-4460-a8a3-215cdd0bb43f,하수아,female,33,1989-10-01,충청남도 성동구 68번길 72
bb7f7bba-46ff-4437-9434-e905d1aa2722,하서영,female,18,2004-10-13,전라북도 강북구 18로 16
3101ec60-127b-4d8d-9720-7160e4a67823,임다은,male,15,2008-02-21,경기 양천구 45대로 88
d40d1781-cb0d-414b-aabd-9871d6aabdf7,박예준,female,23,2000-06-27,제주 은평구 57대로 13
8d115fce-5916-45b7-bd79-bfc7e2ac28fb,양예서,male,29,1993-12-25,경상남도 서초구 58길 46
df36a134-d436-4b0d-a3ff-cad294c1c1c6,김다은,male,43,1980-05-13,경상남도 성북구 9길 7
a7c53d69-2739-4985-b894-53826cffc7ff,강수민,male,32,1991-02-09,충청북도 양천구 25로 46
f2be6c9e-eae8-4f80-b186-49f4a0d4a2b0,진시현,male,18,2004-09-04,경상남도 서초구 7번길 69
bad43984-81d2-4fcd-9dc0-fedab215a78c,윤서우,male,26,1997-03-07,서울 강남구 19번길 58
9e58c76d-3294-405b-b7a3-94aa3d6ffbfd,진지유,male,20,2002-08-21,강원 중랑구 45번길 2
3f94ccb5-3fc8-4f11-8266-9e64d85a3ac9,문채원,male,42,1981-04-22,강원 송파구 18번길 89
6ba95bbc-68d5-4fc5-a1df-a280f177371c,안동현,female,38,1985-06-11,충청북도 서대문구 39번길 85
1aa4c933-43d7-4bf1-8c2b-add1d4a1678e,구서진,male,13,2010-02-25,경기 도봉구 5길 55
d1812aec-2601-47a7-acdd-1fd2f2999949,민유나,male,17,2006-02-13,충청남도 중랑구 37번길 4
816ca2da-4092-4ff8-9c9b-6728e989ec41,문예은,female,17,2005-11-15,경기 동대문구 14번길 23
2c1d10be-a346-460a-b69e-7a33a323a627,차지환,female,15,2008-06-17,충청남도 도봉구 37로 88
92c61ba1-60c2-4158-b041-259a43e55e20,서지윤,female,19,2004-05-13,제주 도봉구 58로 46
cb2082b8-f0ba-49b4-b0f7-4753c23b5349,신승현,female,21,2001-08-19,서울 노원구 100로 7
4c5c9562-6e03-4a91-9d36-587a3b776eb6,배가은,female,9,2013-12-19,충청북도 용산구 70로 72
11886fb3-04ed-42fc-ad01-30f2f3a15c40,양동현,male,20,2002-10-08,서울 송파구 86로 73
9e14d471-eb19-4ead-ad05-62619519d3b9,이지윤,male,31,1991-12-01,강원 금천구 17로 30
f975b718-0d30-4225-87c3-243ba6d74930,배은우,female,17,2005-10-06,충청남도 은평구 78길 34
dcea0870-cdd0-46b0-acff-2704cbb36f22,윤연우,female,13,2010-05-26,충청북도 동대문구 63대로 17
618b1f4c-120b-471b-9eee-f2314e2d845b,신민성,female,31,1992-02-02,충청남도 종로구 71번길 92
6577c039-2f9e-4242-8003-dd7b2a1fdba1,류지우,male,31,1992-07-02,충청남도 서초구 24로 24
3041fd44-2af4-4a6d-befa-ee65b8c685ac,주서진,male,14,2008-09-27,제주 중랑구 6번길 90
abf5afa0-28df-4b25-82ba-f1d42cd243ac,조시은,male,19,2003-10-17,경상남도 동대문구 28번길 70
82dc3177-a21b-4ebe-9e44-cbc797498a23,한예준,female,24,1999-02-02,경상남도 성북구 33번길 23
4f413552-442e-4035-b155-b702cc58a6e9,양수현,female,39,1984-04-26,충청남도 성동구 28길 51
dcb26e27-7b6a-4847-b052-833903b12c7b,홍현준,female,20,2003-02-06,경기 동대문구 92로 75
d62b9b27-b7fc-4d2f-b6f0-b4a98f94ca80,나승민,female,18,2005-04-09,제주 마포구 23대로 88
50a3fc20-ee86-44b8-953a-cb4319ec3248,조하준,female,13,2010-06-05,제주 영등포구 81로 42
28e9fb69-a948-457f-8bf7-b4f24d0c5fbd,전다인,female,35,1987-12-07,전라남도 광진구 82로 33
61feef69-6485-47be-982f-778f2430fd2f,지예은,female,16,2006-08-29,강원 도봉구 78번길 1
956f4305-19f6-4cee-8b15-30de8f56c2fa,정서윤,male,15,2007-09-26,경상남도 중구 91대로 12
6525c3ba-2d5f-457a-895e-c97d2ffc4dbf,양서준,male,30,1992-11-06,경기 용산구 69로 14
ff334e22-01be-46f6-ad43-59cf6fca934c,남유나,female,9,2013-07-17,경기 노원구 3대로 33
b878b01d-c410-4002-8dc6-bf24ed9f5f2e,허가은,male,22,2001-04-17,강원 송파구 31번길 45
cd21c6af-f790-49ea-9265-7ae700249e2a,안서연,male,34,1989-06-26,충청북도 구로구 35로 46
9ba27ec7-e0e8-4363-831d-4499a7f60480,김서영,male,29,1994-04-01,경상북도 동작구 63로 92
56801dae-abf3-4b67-af07-5f5aaf3d0fd9,손서윤,male,35,1987-07-21,강원 구로구 18길 37
a6843d11-500e-463d-ac7e-2419eaaf4fcf,장하린,male,25,1998-03-17,경상북도 금천구 83로 53
801c9407-ecde-45e7-9747-461a54858d3c,정서우,female,22,2000-08-02,충청남도 강동구 56길 85
c14310c3-b595-4935-a9c6-db71e3ee7a58,권민지,female,38,1984-11-23,경상북도 서대문구 23길 36
85721415-2c2a-42d9-b3d7-5c5226373f2e,차민지,male,25,1998-04-09,경상북도 관악구 68길 42
d3e14bd4-057f-417f-89d5-1e2efa21f5a3,곽지호,female,12,2011-06-18,경상남도 서초구 56번길 20
fa3478e2-e16f-45a4-9133-96c8e964bdd2,고서우,female,34,1989-04-06,제주 마포구 78대로 76
c1fb9d73-223c-43f1-b7e7-c703eb53e22c,유도현,female,42,1981-01-23,경상남도 노원구 79대로 17
44cf3e29-22ea-4781-bd5d-d3f86ffa302e,양승현,male,26,1997-05-07,충청남도 중구 93대로 25
78389b3d-0728-4d94-b219-51c231ec1089,서지우,male,19,2003-10-01,전라남도 금천구 55번길 60
acd2bd5a-b130-412c-a7fc-0edfdb228dab,주시우,female,28,1995-04-23,경기 동작구 34번길 53
b423e695-a9c2-4c5d-9cfd-35a8b00cfaf5,진민재,male,25,1998-06-15,전라북도 구로구 79길 53
f5d65505-c586-4f08-a273-4e1df6df8ca2,정주아,male,43,1980-03-25,강원 동대문구 11로 74
8ca87f63-db3b-427b-876a-940ce398d78c,노유진,female,12,2011-05-05,강원 성동구 1대로 36
516aba1a-a4e7-4f51-993f-6dfe8381c457,지동현,female,24,1998-12-22,경상북도 동작구 47길 75
b977d774-ebb0-494b-a104-f7a45f75672c,안유준,female,39,1983-09-12,경상남도 노원구 3길 93
dd21b292-325e-4968-88db-2e5c56c90ca5,나지훈,male,29,1994-04-21,경상남도 구로구 22대로 78
a202d054-f3ee-454f-8ed0-5456140cf95e,심하율,male,11,2011-07-20,전라북도 용산구 96대로 52
88b43391-307d-48c2-ad1d-ea489e5c2275,이소윤,male,16,2007-05-29,경기 동작구 13번길 81
f5d3d390-4134-46e4-84d7-701d0b0d7635,성민규,male,27,1995-11-17,경기 노원구 82길 86
9b5e567f-3b9d-4437-af10-c4aaa33e8c54,오서영,male,34,1989-05-03,경상남도 성북구 98길 49
ad3b0df7-ba7e-44d9-bfec-d67ce36b71b1,성승우,male,34,1988-11-05,경기 송파구 48대로 52
76f3811d-9e80-4a00-a37b-f5df89d14877,유예린,male,16,2006-09-24,강원 서초구 25길 27
2ae06af2-70bf-413d-b174-47e545a0abe0,문민성,male,18,2005-05-21,경상북도 송파구 37로 72
f2220c18-c700-4a78-bfa7-0a363a88ecb9,전유주,female,32,1990-07-18,강원 동대문구 17길 63
2e1bee28-d0bb-42da-b099-b057f53e64a7,곽수아,male,42,1981-05-13,서울 마포구 33대로 58
c99c39dd-7d63-4ba7-8894-71796887a27b,심서아,female,16,2007-03-21,강원 강남구 7대로 16
2e619b8a-adb7-4e96-bc20-6cc00f6898e5,서은우,female,38,1985-04-04,경상북도 성북구 94로 47
6a486ef7-1fd0-4377-934a-b386f117b7a7,권동현,female,18,2004-11-11,제주 강남구 52대로 19
84372caa-bbe3-4a23-819d-a1adeed85946,정시연,female,12,2011-02-07,경기 구로구 19번길 75
3249569a-0465-43a3-b559-300afbc78437,임지윤,female,29,1994-04-11,충청북도 광진구 14길 39
aedb82c2-83e3-4a46-8795-03ff4d1297ca,류유주,male,41,1981-07-26,서울 관악구 98대로 61
cd02b552-b883-4f70-84c2-a01e8f9aaa9a,안서현,male,39,1983-09-21,경상남도 양천구 72로 44
6167328f-220e-4127-bfe6-aa8e15d6c3bd,고동현,female,26,1997-03-25,전라남도 중랑구 58로 47
8b21404c-36fa-408e-87a9-634d6c550b9a,배연우,female,25,1998-05-21,제주 은평구 51대로 28
6b975210-23fc-428e-83e5-016344f5ef28,홍정우,male,30,1992-09-07,전라북도 송파구 22번길 60
871aa012-57b9-44f0-98e4-7be21ab86f6d,송다인,female,32,1991-03-15,경상북도 노원구 75번길 17
417f0d17-495b-4392-9e72-932fc522bf38,권민규,female,27,1996-03-27,전라남도 성북구 95로 77
0633ec99-f0d7-4f5a-93ff-540a73f18bff,임가은,male,17,2006-03-16,충청북도 은평구 98번길 30
71722055-e101-4096-b86c-3024b59707d2,하아린,female,12,2011-05-14,강원 은평구 10로 12
9411eb65-394a-4299-8f11-29b7641d5fd8,백유나,female,19,2003-09-28,경상남도 영등포구 4길 12
7723c28c-c3f6-454a-896d-c71c1e0903a6,심유주,male,39,1983-10-26,서울 강서구 81대로 93
d3204e08-b6cb-4caf-9b56-434b5e43399d,양지후,female,29,1994-01-19,충청남도 동대문구 96번길 87
8eee9920-03bc-4d2d-b48c-7fb630391b63,김예나,female,14,2008-11-21,강원 성북구 42번길 89
76ce673d-3db3-4987-b732-731cf40352cb,성민재,male,29,1993-10-21,서울 성북구 85길 97
8f360015-ba6e-4cb1-84a0-844590e96150,이동현,female,23,1999-08-15,충청북도 성동구 78번길 14
ec89a701-ba25-4e74-a6aa-b2c71198ad78,허준서,female,29,1993-11-24,제주 관악구 84길 22
08d440e7-cc5d-4a43-8431-241fbf105272,우시윤,male,14,2009-06-03,충청북도 관악구 99대로 31
ef4a2947-31f5-4bc5-adee-f9e134c6c7f5,조주아,male,27,1996-04-12,충청남도 관악구 57로 30
5cc61263-0127-4a61-99e1-7c2bb072c024,주준서,male,41,1982-06-01,전라남도 서대문구 86길 79
0870e0a1-b882-4514-ae00-76873775b4b9,안주원,female,39,1984-05-26,전라남도 은평구 65길 53
e2424156-a5a0-401b-a4a4-f413c718f644,민서현,male,31,1992-06-15,경기 금천구 36대로 69
2fff5c6f-8d24-499a-b1ac-724a31fcc9c2,노민지,female,43,1980-05-30,강원 마포구 42번길 67
67b5bb3f-3d96-4df6-93fd-b943ebbe9f5e,박유찬,female,32,1991-05-21,제주 광진구 89대로 30
9c111f49-0847-49d0-aafd-d6adb865dc3f,심하윤,female,10,2013-06-16,경기 동작구 12로 77
bfe95fcc-6a3c-4c7c-9ee8-6cb8846f5543,서지원,female,20,2003-03-12,충청남도 강서구 88번길 20
2a3ee5a1-26b0-4340-91b0-0c12a9419d94,나유찬,female,23,2000-06-08,전라북도 동대문구 90번길 14
c8c13431-6f68-4307-a298-5bd1e8bcf7e2,백연우,female,25,1998-02-05,경상북도 금천구 29길 10
28ae9203-42b9-41f8-bf34-c04c7f9d57f8,허수연,female,30,1992-11-07,전라남도 영등포구 87길 43
659e1da5-6025-4484-bd3a-9b673fcc2c02,나수아,male,33,1989-12-20,전라북도 강서구 83번길 36
44566947-a190-4490-85fe-2aaa8f219969,구예은,female,15,2008-01-30,충청남도 광진구 82대로 11
9198fc89-4b85-4d58-a360-0fbd72d488a0,지선우,female,40,1982-08-17,경상남도 구로구 55대로 52
9f3861d1-71df-4f78-b114-37af37826016,송서우,female,24,1999-02-21,충청북도 강남구 83번길 81
afd9746d-cdfb-4fd8-970e-0ef78d40c9dd,송하준,female,36,1986-09-01,경상남도 영등포구 23번길 13
11973942-d4c1-44c9-8b32-63a8bf8907cb,송서연,female,37,1986-05-12,전라북도 도봉구 31길 82
25e00419-da7e-476c-9af8-f858b0cb9688,성가은,male,20,2003-06-05,충청북도 금천구 65대로 86
862018fc-2724-452a-9f75-1264ae5d60af,지수호,female,36,1987-06-04,서울 송파구 91번길 89
a1ee2ac9-3088-4080-9e64-0b099758a1da,남도현,female,20,2003-03-08,강원 마포구 37번길 88
5affda0b-d6a1-4bfa-97c4-dd93daea37ed,남승현,female,23,1999-09-24,강원 강서구 34번길 67
80565a28-d35a-4eee-97b3-db2bb76601e2,류유진,female,36,1987-04-04,경상북도 노원구 100길 61
3ac42b82-bee8-45bc-8791-928f36f7ca1b,안유진,female,10,2012-11-16,강원 송파구 30로 33
0646c4cc-6ccd-4792-a306-027e5c2df166,윤이준,male,14,2008-12-23,제주 강서구 10대로 45
2b3b2cd9-6889-4176-8ff7-d05aa3fb3c25,우정우,female,13,2010-05-06,경상북도 강북구 98번길 1
2fcb7197-af55-497e-b98c-814199c03ee4,주민서,female,32,1991-06-09,강원 성북구 48번길 98
326d236b-c49e-41e7-993f-26f6e6c3af0a,한지민,female,39,1983-12-30,경상남도 중랑구 51로 80
7f984dd6-f7f0-46c4-b226-ad11620dc6d6,최하율,male,41,1981-12-09,제주 영등포구 19로 41
57a90ce4-01a4-4f13-96dd-9bbd9c8e18c3,임건우,female,18,2005-03-30,경상남도 중랑구 20길 45
3518ac39-f1b7-4cc8-b650-f64841b84aab,오우진,female,31,1991-12-31,서울 도봉구 73번길 27
2557dca2-1d5b-42a7-92a1-ddaf0dc2e34f,배다인,male,37,1986-02-03,전라북도 송파구 16길 99
b45b3944-a13e-45a2-87d3-0a2d5c8296ee,김하린,male,12,2011-03-09,전라남도 강남구 98로 94
46eae3dc-2e05-4ed6-955d-d19876f8a16c,민유나,male,11,2012-03-26,경상남도 성동구 69대로 58
5db2b81e-91c4-456c-b410-502591345f5f,민예원,male,43,1980-05-22,경기 송파구 75대로 26
5c3c2d6c-30fc-464e-8b39-4bd508b97055,조연우,male,11,2012-03-02,제주 동작구 90로 42
d5dbae23-42ae-4225-b4ec-a3183d52ea37,전지훈,male,25,1998-05-13,경상북도 서대문구 7로 67
f690919a-b24d-48ae-a7f3-21ded070bb54,하하윤,male,41,1982-06-05,경기 성동구 67번길 4
d64ffca8-1331-4d91-8154-241a88132da8,임다인,female,15,2007-07-21,경상남도 서대문구 89대로 28
6f51ca3f-d8de-49f2-97b5-d11e17a055f9,유유주,female,31,1991-09-04,경상북도 광진구 75번길 62
ccada201-6de5-4e84-87df-55fcec769997,김서영,male,30,1992-09-14,경기 양천구 77길 84
30fd34e7-388d-4ff5-8054-e5e8dfb056e4,윤서현,male,42,1980-12-13,경상북도 중구 41대로 40
30d08383-27ca-4f8d-b4d4-e539d4a4c265,서수현,female,37,1985-07-30,경기 구로구 26길 51
c5205d8d-dbff-43c9-bb44-7e79880f24f9,안시현,male,42,1980-09-21,전라북도 마포구 68로 3
0043422b-bd8b-4c14-bece-2624c8f02722,전지훈,male,22,2001-04-27,경기 동대문구 11번길 53
571e5bde-76ed-4f68-b235-996f512d650d,전하윤,female,12,2010-12-23,전라북도 도봉구 36로 30
ac8d652c-7e47-4c7b-8ca6-da0f724efe9c,김하윤,female,24,1998-09-02,충청북도 노원구 96대로 59
c638e3a8-84a1-4f48-8869-3613ea3e0bdd,양민지,female,29,1993-11-06,경상북도 금천구 44대로 67
18036a95-d22f-4558-839b-91ab36870e1f,진서연,male,21,2001-08-28,제주 강동구 32번길 10
02247a06-6451-4c0a-9dd6-5ae6a0356d14,주소율,male,12,2010-07-18,제주 중랑구 69길 19
b0181907-3b8f-4edb-8283-6d227103cf46,고이준,male,39,1984-04-25,전라남도 성북구 51로 49
5366a8c4-1498-4e09-ba11-b72fdca528a3,백준혁,male,22,2000-09-30,전라남도 양천구 57로 86
317584b8-e72e-4f22-95f7-b3b710135137,권민재,male,13,2010-05-07,경상남도 강서구 99번길 6
57bbe8d6-8894-45e2-9f31-fcda59f91649,문민성,female,41,1982-06-12,제주 마포구 74로 93
72835c99-5386-413a-898a-1ff6834b8b7d,백우진,male,41,1981-12-15,충청북도 관악구 92번길 100
fc3ca0d9-179e-45a2-aaed-42a521971545,구재원,male,31,1992-01-02,강원 용산구 100대로 56
bf407d6a-c333-468c-9d07-5e6dd80c0b0c,전서윤,male,23,2000-04-21,서울 강서구 100번길 4
349fae69-5c9c-479d-b0e4-6587b6d2887c,남시후,male,18,2004-07-25,전라남도 중구 7길 22
286c46c4-7064-4d45-9ec5-6cc5c717d2ce,전승민,male,12,2010-10-31,충청남도 서초구 45번길 39
c8c3c2d4-0725-4624-9add-60f2dc59872b,남시후,male,35,1987-11-27,충청남도 송파구 58대로 41
fdbd7833-4640-420e-a5fd-7ee30d7a27bf,남지후,male,11,2012-02-11,경상북도 종로구 27길 34
a24ab0cc-736d-43f2-8ac3-62a2cba29a8f,문유진,male,35,1988-01-21,충청남도 광진구 24길 75
4ce54279-c04b-46ca-a60b-9c79b38336da,임지우,female,21,2002-01-25,제주 중구 23번길 55
3d53cddb-01c4-482f-9328-a376b4ba2285,유이준,male,19,2003-09-08,제주 영등포구 10대로 91
497ecf10-9b1a-4f0f-a441-a8d60529eed2,하예은,male,22,2000-08-13,경기 구로구 70번길 28
b4379fbf-9cc6-4fb2-b9a1-e2a890a73a5a,성아린,male,24,1998-08-13,경기 은평구 68대로 24
0d8e35b5-043a-4306-a802-a94ee330ec77,권태윤,female,16,2007-02-26,경기 도봉구 69길 95
21ba2d75-b290-4e5e-a063-bbeff442242e,노태윤,female,18,2005-07-10,충청북도 은평구 44대로 7
16145368-c974-425e-ab86-0e333469c35f,박정우,female,29,1993-10-08,경상남도 종로구 11대로 37
56d3a7b9-9037-4082-bd59-3b6ea997e8e6,서승민,female,16,2007-06-22,경상북도 서초구 61로 62
a614e9df-09d4-4540-b8e6-21e33239c9f3,조아린,male,14,2008-10-26,충청남도 광진구 29번길 30
fd7ba427-2fdb-4ea3-938f-dd21b962ff74,하지환,female,25,1998-07-04,전라남도 광진구 86로 89
7240629d-d213-41a4-bbb0-e6ca19b92e3d,최연우,male,21,2002-04-10,충청남도 용산구 73대로 60
6ba320d3-96f4-4c7f-93e9-f53f977899f0,홍연서,male,10,2013-05-20,경상북도 서대문구 78길 87
c0a30f75-7dc9-4f47-8d84-51c435ffd400,이서우,female,18,2005-01-26,경상남도 강서구 98번길 80
a306be88-2862-4d27-83ed-c7e4cfa4a5b4,최준우,male,18,2004-11-27,충청북도 노원구 4길 47
033a82f6-6679-4b45-8ca3-b46a90da78d6,이진우,male,33,1990-01-15,경기 은평구 14길 20
6abcdb98-9154-43c3-b5c2-e34761188417,류예진,male,27,1996-03-06,충청남도 은평구 11대로 6
61fa73f1-3273-4c7c-a62b-0d2112028706,심민준,male,36,1986-09-28,전라북도 마포구 13길 11
d315f98a-4146-48cc-bd62-74d9bcf58ac9,박서우,female,32,1991-03-10,서울 서초구 86대로 18
cc7f34e5-7522-41f5-b4a8-781ad53141c0,문민준,male,22,2001-05-20,전라북도 양천구 65로 38
a4257314-e7b3-4f52-9403-ec52d7d217e3,손진우,female,32,1991-04-22,강원 종로구 65대로 96
94ccab1e-7e7c-41cf-a14b-e516bea85317,성태윤,male,41,1981-07-28,충청남도 양천구 61로 61
525d5bd5-c441-42d7-9a45-97b978bd9f76,지동현,female,41,1981-10-02,제주 동대문구 49번길 7
3797a99c-6426-4fb4-926a-9f2c4025d077,백서준,male,36,1987-02-05,충청북도 성동구 7로 6
f3e28f74-5e5d-4a6a-a763-7e0d083122ba,류동현,female,33,1990-01-04,서울 동대문구 25대로 68
38e5d180-99a4-4a5d-ba70-bc9f9b6f0d87,황선우,female,29,1993-12-18,강원 도봉구 84로 95
e4f587b9-e6c3-4e04-a0ad-8ffe47b003a8,이시후,female,25,1998-02-05,충청남도 양천구 26대로 32
2a25f657-b29c-4982-a85b-8cc2a58ba66f,송도현,male,11,2011-08-20,경기 강서구 21번길 40
26858409-e614-484d-aaf4-039bb41cb945,황예진,male,35,1987-07-18,강원 강북구 45번길 30
b9d6e32d-3453-46df-838d-f71f23be2673,진수아,female,34,1989-07-05,경기 노원구 21로 65
79c63467-2ea7-4e05-8999-5a6b50ede98a,성도윤,female,28,1995-05-06,서울 마포구 3길 7
e3ac507a-ac62-4cf0-bbc7-86491883f536,신시윤,male,13,2009-09-05,충청남도 동작구 3번길 66
ce09d81b-f376-4c32-a309-cfb147cb551f,남민준,male,19,2004-07-02,충청남도 영등포구 5대로 36
660d62b1-fe35-4b27-bcbf-59b69e00eb29,임다연,female,19,2004-04-17,경기 중랑구 66로 14
9d48e73e-df81-4bfa-addb-96339c850749,손은우,female,31,1991-12-02,서울 성북구 4로 11
4dd9d109-ae80-44eb-97ed-5112adec822d,진예진,female,23,2000-02-14,경기 도봉구 16로 79
9af99ce8-71da-411b-8641-6052cb2c81ae,오시현,male,24,1999-01-09,강원 영등포구 11길 25
6f3ac08b-3e4f-4d89-ac7d-4b2ba983155e,한서영,male,25,1997-10-08,충청남도 서초구 63길 37
5d9cd035-1316-4eb3-8c21-9361678c0862,지준영,female,15,2008-03-13,강원 성북구 48대로 24
629888ba-ebb4-4473-b7ec-f694a9d91d9c,남재윤,female,12,2010-08-15,경기 강서구 32로 79
c2ca5583-8fef-414d-8e90-d1017d7d1c6e,유준영,female,10,2012-07-22,서울 금천구 63로 26
0103cef8-3696-48b1-a21a-1a4e7c51994f,신시우,female,39,1984-05-16,전라북도 금천구 76로 37
cc7c4198-5e99-45d3-9b1a-5fdcf3e08374,조현준,male,10,2012-09-09,서울 성동구 64길 65
b55f2b9a-6835-4cb3-a0b7-4c104a8530d1,조유준,male,24,1999-06-11,전라북도 서대문구 83번길 75
d463a983-c0ed-4b2d-821a-5619699dd2cc,남이안,male,24,1998-12-21,충청북도 성북구 89길 13
4a937cce-7eec-44cc-96f5-2fbf0aac362d,전예서,female,27,1996-06-17,충청남도 동작구 64길 82
cfb89797-d84b-4864-b383-bb602ba77c75,김연서,male,42,1980-08-12,서울 금천구 30길 78
8083a50c-5010-4834-868f-41dd161dd5df,구예은,female,29,1993-12-14,경상북도 강북구 91로 60
8aff6950-fc72-4e0b-830f-3c1638ddca90,노지안,female,22,2001-03-28,전라북도 서초구 58로 15
e5b59fbf-d8a7-4823-b369-ab1cf0a77537,문예은,female,39,1983-12-16,충청북도 송파구 42로 55
d9259025-66f1-4842-90f5-0055a79b4691,장다은,female,37,1986-04-12,전라북도 서대문구 66대로 86
5cf88787-aae4-4805-912e-46a18380852a,김수현,female,28,1994-11-26,충청북도 성동구 77번길 60
fc315eaa-1f0d-4d94-9cab-a02974264b89,홍수민,male,36,1987-02-11,전라북도 영등포구 66번길 40
3276b3cd-77df-487d-8cdb-e52d46d948c2,심준영,male,25,1998-03-20,제주 노원구 64길 50
9d0f181e-e540-4921-86aa-93ebf116d9ea,심예원,male,41,1982-01-22,경상북도 종로구 3로 97
d2b9321a-c345-4020-bc11-a2946e08643f,고준서,male,11,2012-01-10,충청북도 도봉구 98번길 13
86aad074-fc05-4f2a-bfc2-4e095ca8ca2a,지예나,male,41,1981-11-01,전라북도 서대문구 18로 56
9da9c0ff-ab6e-434e-b753-248e28aabe65,황재윤,male,36,1986-12-24,전라북도 중랑구 63길 10
6b7bb830-cd9b-46da-b125-e1f81385ae6a,손수현,female,21,2002-05-30,경기 중랑구 30대로 34
a97d2ddb-a9d9-4882-8aa3-4afe6458a033,임윤우,male,40,1982-09-22,충청남도 성동구 81길 96
c0586af9-4ad4-4de1-a0d9-11c6efeb2a37,임지민,female,38,1984-11-11,서울 서대문구 74길 32
7baac197-6a3d-4c31-92cd-e7d960ac6bf0,차예진,female,32,1991-01-29,제주 광진구 86로 50
c2672247-5fed-4fc4-9c7c-103652805a43,김유찬,male,40,1983-02-26,충청북도 강북구 27대로 17
c25d649c-8eea-4792-9945-3604eab54c6d,윤재윤,male,35,1987-08-27,전라북도 마포구 28대로 80
60cac795-59a1-4af8-a8c4-63eebbe89196,안서연,male,11,2011-09-26,전라북도 마포구 46번길 30
26a25b8f-2eb8-4b5e-bf74-4a5d26789758,한승우,male,34,1988-11-14,제주 광진구 35로 77
9e123495-e4a8-4e48-b2d2-37bd8092d72e,배하윤,male,11,2012-05-25,충청북도 은평구 56로 53
4771436e-1992-472b-adba-00c280ac51c3,하유진,female,19,2004-02-26,전라남도 마포구 76길 38
8fd56551-6541-47e8-b210-c689ec2e11b9,전하율,male,38,1985-04-10,경상북도 금천구 99대로 71
3c7bb095-eafe-4af9-ac6e-0c8eaf0e468e,손하율,male,27,1996-01-27,경상북도 용산구 43번길 62
e7a0e9fa-250a-4044-893d-d016a53a5266,배현우,male,34,1989-01-25,경상북도 은평구 56로 57
410579d1-13c0-4914-a356-a4049b93ec1b,하예원,male,39,1983-08-26,경상북도 동작구 15번길 92
370502d0-30a3-439e-9277-51739a831ef1,손아린,male,24,1998-08-16,경기 서초구 48길 28
e8eaf135-c55b-4e06-93a3-e733afd32de5,하수호,female,13,2009-11-12,제주 금천구 24번길 67
2f8e5ad5-4e16-4787-b19b-5dcd98a9f6db,전서영,female,27,1996-01-29,서울 동작구 10로 25
04ac1ebb-928f-446c-8f0c-23913c879856,남수호,male,42,1981-03-06,충청북도 용산구 47로 40
1e4da16d-b626-4359-ac95-021ccb3be03d,배윤서,female,27,1995-11-20,전라남도 강서구 100길 83
158784da-8a42-4ab2-b475-dadd65cebbd5,하수현,male,35,1988-02-28,전라남도 구로구 23로 2
06c60782-deb4-4925-b667-749c3df6d9de,차민재,female,26,1997-04-25,경상남도 강동구 27대로 48
4e936a30-9789-4325-8232-8100db1c4b93,윤유진,male,27,1995-12-30,전라남도 도봉구 21대로 89
c31dc14c-24ae-4b69-957f-740a292a4fef,허지유,male,39,1984-01-14,경기 중랑구 26번길 45
06d33d3e-3243-4fd1-ab60-ec5a9a268813,오정우,male,39,1983-09-29,경상남도 광진구 19로 88
08bd8a6f-cb71-4b4a-ab44-26c5e89da3fa,유지민,male,36,1986-10-05,경상북도 양천구 48번길 89
ed7fab6a-41ee-4d34-b357-4b113d29b008,배서준,male,29,1994-05-22,충청남도 서대문구 35로 85
2783fffa-31b5-4a29-aa0a-4f7314ad4a86,한하율,female,21,2001-10-28,충청북도 서대문구 100번길 10
3c302bbf-6792-4820-a279-21a23af45301,김지우,male,14,2009-02-16,전라북도 성동구 57대로 65
497f72c6-d36a-4b09-9ba5-71b08bd97c01,황민규,male,12,2010-08-20,서울 관악구 26번길 98
fb9b30d0-e9d5-4cf6-8d92-98377ef4efbf,차연우,male,20,2003-04-11,전라북도 양천구 56로 34
2aadba29-19e0-4f2e-8066-4255cbf2018f,신예원,male,17,2006-01-09,전라북도 강남구 30번길 92
350b1779-679d-4859-95ff-6e66bcb6f051,배준혁,female,23,1999-10-19,전라북도 서대문구 85대로 84
e28b30f1-7a02-4638-aa0b-549f50185069,우아린,female,29,1993-09-11,경기 서대문구 99대로 69
90172e9b-ff9d-485a-901d-84815938495c,조시후,female,24,1998-12-08,제주 동대문구 93대로 52
eaacd4b1-e556-4fa8-a2c1-b5a6f9493c98,임유나,female,30,1992-08-19,전라남도 구로구 36길 88
782aed31-ae24-4722-9091-60006888a8ba,정아린,male,38,1985-01-18,경상남도 마포구 16번길 62
18639f90-88c2-4a2e-a873-828efbd16e82,문연서,male,13,2009-11-02,전라남도 강서구 46대로 39
72e96faa-3017-4345-b8f3-d987bd3f74cc,남시연,female,27,1995-11-12,경기 강남구 31대로 87
499f1cd0-cd6e-4ce8-a61d-bc058f71e668,서예서,female,21,2002-06-12,서울 강서구 94번길 32
a11137ae-bbed-4ba8-91ec-2fa6b5c49bf7,홍도윤,female,37,1986-03-03,제주 송파구 33대로 30
f4a2fd3b-c9f4-4b14-807a-9216db130ff3,홍한결,male,23,2000-07-03,경상남도 양천구 32로 25
4e3c19ae-c27b-4dc7-9332-8596c452fa62,민준우,female,19,2003-10-10,충청북도 양천구 30길 75
5fed905d-3f82-49d0-af10-cd53130ec4a0,노지환,female,28,1995-04-20,전라북도 마포구 47번길 39
449d6388-7f46-464b-acc8-9f835f9b4bba,박시윤,female,17,2005-12-17,제주 도봉구 41길 39
f80229ef-7461-4224-9fa4-40205b35b688,성시후,female,40,1982-10-18,전라남도 광진구 70대로 84
5d7da319-0e15-4b9d-8d2b-fa55a5f44197,주다연,female,21,2001-09-03,경기 강남구 71로 74
575fcc8b-2e91-4faa-a69c-e40d0f349e6a,권준우,female,11,2011-07-24,전라남도 강남구 69번길 96
0442fe22-5b7d-4558-bd27-a1e4fbd44994,한준우,male,34,1988-07-22,충청남도 종로구 26대로 95
bbe7a768-565b-42d7-b00b-2b303e98938a,손은서,male,13,2010-02-04,전라북도 영등포구 39대로 67
4a76291c-2bc8-4867-93ae-d5206515c24d,신수아,male,39,1984-05-30,충청북도 강서구 88대로 67
aee6ecc3-a68b-454c-a36b-01f45556ea6c,백지유,female,25,1997-08-30,충청남도 송파구 50번길 87
944f66d1-7c97-4e97-aafa-3bac62a5d3d7,노수민,male,16,2007-04-26,경상남도 광진구 17길 4
bfad26e5-97a2-49d3-b74d-508e1d7e40db,성서우,male,24,1999-03-27,전라북도 용산구 82로 100
bcd18dd0-4460-43dd-ab91-60f547f2ee73,차하율,female,13,2009-12-01,전라북도 종로구 42번길 10
f6f1e276-6499-417f-a951-93d8a1756028,노가은,female,20,2002-09-16,충청남도 서대문구 39번길 40
28e7ade2-262f-4561-b0a5-cc235fa70dd9,차유주,female,16,2007-01-21,경상남도 강남구 86길 1
ea95c8af-888c-4d85-94d9-ee48cfd7e8e7,성예은,female,20,2003-01-23,서울 은평구 76대로 46
39edcc4f-5815-41e2-9d07-8cafb0fa9c69,곽준서,female,29,1994-03-04,강원 강동구 52로 25
e132d41f-8f9c-4591-bdac-d776a385062e,한지후,female,40,1982-11-15,경상북도 강남구 26번길 77
fa47c7ff-c756-47cd-bf0e-8ee4206d6567,송민지,male,21,2002-01-02,강원 도봉구 24로 27
6c4a26f9-bd56-46b5-9328-1f5f556d81d0,손시우,male,32,1991-06-24,강원 도봉구 78로 91
f7a22639-0883-4804-b09e-12f625558da8,주한결,male,11,2012-01-17,서울 금천구 53로 90
56010858-85c1-4599-a593-eb183b3350f4,박다연,male,24,1999-01-12,경상남도 동작구 65로 92
349eb24c-84a7-463c-9a01-76b4ff3e70c3,윤서우,male,19,2004-01-05,충청북도 금천구 51길 26
8636bf5d-6f2a-430a-ba1d-fcd834326b5e,임예은,male,40,1982-12-20,경상남도 중랑구 56길 73
b99dc404-3fe8-47eb-8b6d-9f70d3f117e0,신서진,female,13,2010-06-17,충청남도 강북구 98번길 18
c1e69f3d-4f54-41ef-8db3-008b45c0bc1c,안예서,female,36,1987-01-05,경상남도 성북구 84길 41
a01683c3-20cc-4995-87b7-cbe1d2d6376c,주수민,female,20,2003-03-14,전라북도 관악구 70길 68
30ed9496-9e4e-431a-ae4e-c2d7b3af29a7,주수민,male,18,2005-04-15,충청북도 동대문구 82길 62
1fb3a108-7c11-48c9-8769-18f59785c1d9,정유나,female,13,2010-04-11,강원 관악구 93대로 90
8863a01c-23e3-4965-9c23-81e4117e87e8,이시은,female,32,1990-08-18,강원 양천구 1대로 89
55548014-8163-4529-8371-57eb31472ffb,손승민,male,43,1980-03-17,전라남도 마포구 18번길 73
04380270-b2ea-4fd8-8846-bb5d8ba68381,성예준,female,28,1995-02-06,서울 관악구 97대로 24
b7bb7d1f-9034-42c2-8a67-064806788cd1,노민서,female,38,1984-11-07,서울 도봉구 26길 41
10d5e181-8985-4774-a522-4a5a2a8a79b9,조한결,male,41,1982-01-20,경기 금천구 74번길 72
613dbb9c-3611-4742-a7fb-97795be4935a,최가은,female,33,1990-04-16,경상북도 서대문구 70대로 90
79b33885-3679-4795-99e3-21c387413546,한하준,male,13,2009-10-26,충청북도 도봉구 40로 61
72c2341d-6199-442d-b3e8-01a84afbb2d5,신연우,female,15,2008-03-28,충청남도 강동구 78번길 80
c64d3aee-64d8-4d23-81bf-46a2e937410c,고예나,male,22,2001-03-20,전라북도 용산구 24로 17
50f62587-1b8b-4dc3-8bbf-32c81e0441eb,신도윤,male,32,1991-07-02,강원 강북구 50번길 97
ff94f4fc-0e35-4567-8629-7844c1caed4d,남현준,female,28,1994-12-19,경상북도 성북구 58번길 67
f1cd122c-a143-433e-86a8-f29f5dacad55,강지우,female,34,1989-03-30,경상남도 강북구 6대로 21
cf345173-061b-40af-85f9-4159e5802ff9,정도윤,male,42,1981-06-25,제주 구로구 64로 4
519f58c5-c9e2-4c37-a3f9-6cb08f52a510,홍승현,male,34,1988-09-09,경기 강북구 11대로 18
203ef639-faca-43cc-bd71-71de25e35f8b,전준우,male,18,2004-08-04,강원 용산구 51번길 68
600b2a12-3042-4aa6-82e5-082b61bea8a0,양선우,female,29,1993-08-05,충청남도 양천구 69로 59
bfed0636-1a60-409b-8cf5-1bca51cdbc30,오도윤,female,28,1994-08-10,제주 성동구 1로 6
f4194aa3-42e4-4841-b026-1c81a61173b3,임시아,female,39,1983-09-22,충청남도 관악구 15번길 24
a1253420-ed38-4889-9c92-16b18c8da3ec,윤주아,female,22,2000-07-23,충청북도 중구 69길 98
b5d92eea-17ba-40b7-8e6a-b25dee8ff4d6,남준서,female,31,1992-02-24,충청북도 중랑구 72로 87
130ffdd6-52c4-4ed6-bc01-894cc81170d0,우서진,male,31,1991-08-03,서울 동작구 43대로 52
84ed4e3c-15d9-4278-9015-c1767477e68e,심지우,male,23,1999-09-30,전라북도 영등포구 29번길 20
8f25b4f0-fb5b-47d6-b4d3-0bd40ae14769,서지안,male,29,1994-05-04,경상북도 동작구 47로 86
6d76695d-9964-41e4-885b-3db68bcb05a2,우윤우,female,27,1995-08-18,경상남도 구로구 95길 13
139add73-d96c-4db5-b7bf-c9a2e150423e,안예서,female,17,2005-10-14,충청북도 양천구 22대로 5
b160c928-b5cd-45e4-9178-a3a5485ee46d,송은서,male,23,1999-12-04,강원 동대문구 41로 47
1e110df4-c01e-4eca-a47d-ff6d3261e1a2,강지아,male,34,1988-12-10,충청남도 동작구 52로 79
1f0bc3f5-8706-4686-acea-316c30dce356,허아린,female,31,1992-04-23,충청북도 서초구 38길 32
df5ce567-148b-465a-b280-02e527ae4ca8,강하준,male,17,2005-08-12,강원 금천구 54대로 61
198a2e1b-cabb-42a0-9da5-dcd1aa9087dd,나한결,male,32,1990-07-28,경기 동대문구 62길 31
fd41b6d3-8e4d-467c-945f-4b921b2c3141,황승현,male,21,2002-01-08,경기 용산구 56번길 70
88829b70-23d3-44d2-95e5-847296db6cfd,홍서윤,female,19,2003-10-12,경상북도 중구 99대로 77
26a615cb-033f-4cad-a697-9cdddc8e37b2,고이준,female,10,2012-11-21,전라남도 양천구 5로 28
ac980ea5-e76a-4aa0-b590-205a3227cd67,심가은,male,29,1994-01-16,강원 성북구 44길 29
b034a1c3-a057-4d40-b904-b066407bd859,나수아,female,16,2007-06-16,제주 동작구 74로 56
bbdd59e8-8127-455b-ad3c-10e8f886f0c6,최승현,male,40,1983-04-25,전라남도 동대문구 26길 43
cbc05281-c2b9-4c16-aa54-bc44910c9367,남유주,female,36,1987-05-26,강원 영등포구 74번길 7
f7b1d032-da5d-4051-817b-680552b7d698,장가은,male,36,1987-06-12,강원 금천구 50번길 25
3dc12946-536b-4695-8dde-2201c185edaa,백진우,male,24,1999-02-22,제주 중구 93로 25
f6d7f972-e007-4d78-a026-edea5e3058fb,권은우,male,18,2004-08-21,충청남도 양천구 60로 90
ec45eef0-e0d4-4d33-8f67-e9b7e158fcf2,차도현,female,30,1993-01-13,전라남도 강북구 78번길 54
b235fd29-0305-4c08-8849-6bfae9e9dd2d,백예원,female,15,2008-04-02,경상북도 구로구 5로 65
867dead6-5720-4eeb-8f20-e5d212ed64c4,배준우,male,14,2008-11-24,전라북도 종로구 59대로 23
a085b524-46ee-4fc3-9034-3706c8cfeb22,정이준,female,33,1990-06-21,전라남도 성동구 55번길 60
36254fb9-e45c-4978-b771-de1230c17520,홍준우,male,29,1994-02-03,강원 마포구 76번길 25
7b8d6375-316b-4ce5-8657-ee59cc7cd8a3,신재윤,male,16,2006-12-02,강원 강동구 72대로 62
821e7827-2062-4b3f-9455-a19b15bc3809,주채원,female,15,2008-01-29,충청북도 영등포구 54로 27
59147667-dc16-431b-849b-d47b228e02ae,노우진,male,31,1992-04-28,제주 은평구 83번길 68
a2d6958d-d43d-4c99-b013-d0452cd3f957,심승현,male,41,1981-08-31,전라북도 성동구 99로 87
c5c56284-daef-4b6c-b7fe-7aff634de74e,서시연,male,19,2004-03-06,제주 서대문구 10로 45
cceefade-1473-418f-9bda-f314723cf0df,남채은,male,10,2013-02-05,경기 양천구 74번길 70
d35d709e-73ab-4849-9c2c-0979fa0fd183,허지후,female,33,1990-06-25,서울 광진구 38대로 42
4274fc88-e3c3-4edf-99c4-5e0cefdf2975,최연우,female,27,1996-05-24,충청남도 송파구 84로 31
823bbe2a-b7f9-473e-bc00-3ceec8bef550,손준혁,male,40,1983-04-14,경상남도 강동구 71번길 71
38b74d01-f0ac-4c37-8f41-069596325a9a,구동현,male,37,1985-12-15,강원 종로구 63번길 48
5d4d8c1b-cec0-4904-ab6f-01dcbf9e414f,유현우,female,13,2010-05-22,경상남도 용산구 6번길 69
cb432af4-50da-40cf-bfbe-c74433b0a7d3,진연우,female,15,2007-09-23,충청북도 서대문구 45번길 15
0576f128-fb28-49dd-a587-777692530ff0,지수연,male,39,1983-11-17,전라남도 마포구 94번길 61
5586cee6-665a-454e-a4c2-8c54b8358839,진수연,male,30,1993-05-18,경상남도 강서구 7번길 77
e500e1a0-a436-407c-948b-3e567cea2fb6,오준우,female,27,1996-06-25,경상북도 광진구 66길 28
a8aa3bdb-f670-4976-812c-f4514a110944,지도현,female,32,1991-06-13,충청북도 강동구 23로 65
eb5bb45c-0038-46bb-a2f4-669f3a21ae1f,홍민재,female,26,1996-09-14,제주 도봉구 28번길 100
3a70c269-29ad-46d1-95f2-631fd00d0e57,고지호,male,24,1998-12-11,강원 은평구 9대로 1
c427580b-1156-43c6-8f07-b4ff8e70512d,김채원,female,14,2009-04-01,강원 양천구 70로 74
fdc955bf-5abe-4d8a-aa37-34955e3b5a02,권지후,female,33,1990-05-26,서울 관악구 13길 88
0e0f3d58-1a19-4494-8249-2d18d6f5c9b7,남시후,male,29,1993-08-24,충청북도 강동구 74길 29
735c8d46-8231-4a95-a032-90b0236ce75c,양서윤,female,32,1990-08-26,강원 강남구 72대로 87
5d852b71-5aca-4bb9-9b69-1c8541896350,지재원,male,28,1995-03-02,충청남도 영등포구 5길 31
eed7121a-5899-45f6-92ce-219dd9dbbdc2,강민재,male,36,1986-08-10,충청남도 노원구 71번길 13
08d3f7aa-e9f1-4d0a-bad5-f9f384f13828,문승현,male,43,1980-02-10,서울 강서구 25로 66
c02bcfa1-ab67-4977-aa04-b9b9f77ee473,한시후,male,25,1998-04-27,강원 양천구 16로 90
12afee87-642b-4568-9fcf-a4013a0e2dd0,조다연,male,38,1984-09-14,제주 구로구 40길 25
43e3e4cb-68e4-4e20-8631-dc4ed632029f,심주원,male,42,1980-07-16,전라남도 종로구 22로 53
bf4d92d6-8cf5-4c90-9af7-4c029b2ca7b0,이수민,male,27,1996-02-22,전라북도 용산구 4대로 77
4352a6dc-3a7c-4258-9f12-710eadd7cb25,오시아,female,14,2009-05-03,충청북도 강서구 12대로 58
47a3cd0d-f466-43db-857f-2617441ae5bf,강아린,male,23,1999-09-14,전라북도 용산구 15대로 16
4d203779-1ab0-446a-9b2c-bb03a75a7690,권민지,male,33,1990-06-09,충청남도 영등포구 40로 48
60d84f9b-bea1-4b91-a0fc-b3d7bc70047d,권재원,male,20,2002-11-01,전라북도 노원구 61길 90
1d771ed9-ea6b-4773-af62-a1746e6afb34,전이안,female,18,2005-01-11,충청남도 노원구 19길 100
ab200a0e-77e3-4df2-9015-97eea00684bc,지소율,female,13,2010-01-16,제주 관악구 63로 26
2e78e483-32f6-4c5f-babd-39fe7f0f8aaf,나민지,male,24,1998-10-10,경기 성동구 41대로 1
f6ceef1f-7ab4-4251-a3b9-1612584b91fc,허민재,female,13,2009-11-02,경상북도 마포구 77번길 43
4f6ea2cc-2008-4bfc-9999-f51d30c12d13,박하율,male,34,1989-02-24,강원 양천구 95로 57
4122e3fa-2323-458a-b803-07ec37b99a25,심시연,female,29,1993-08-14,전라북도 구로구 39로 25
b55bc62b-ed94-49be-953b-2b16bc84dae7,양주아,male,31,1992-06-29,전라북도 은평구 87로 70
bc6caf8c-7705-4a1f-80ed-461d8333ed16,조윤서,female,43,1980-01-15,경상남도 동대문구 10길 10
8d2d2532-dea4-4bc6-a5c9-840cd0d68dba,백서우,male,16,2006-09-06,경상북도 중구 41로 27
5e9f3c37-94ab-47c2-9192-97b04b9363f4,구태윤,male,24,1999-03-21,강원 구로구 13번길 82
09468bb9-1fac-4780-b829-6058dcb55f89,홍예은,male,31,1991-12-29,충청남도 구로구 7길 34
2f84c3c4-3848-460d-a403-7add41bc7c59,차주아,female,19,2003-08-01,전라북도 종로구 23길 28
2ba0b22a-2a78-4d00-857a-0ac04ffd7102,심다은,male,38,1984-12-09,강원 종로구 32대로 70
d9e1f37b-a666-4661-83f0-190eb9e417a3,민예진,female,42,1981-02-25,경기 용산구 41번길 19
0e8dfd9e-b49f-48d9-915f-4aab56710045,나준우,female,34,1988-10-03,제주 성북구 62길 74
ac73dad1-64ad-432c-9d2b-33ee6cb80cf8,심준영,male,31,1991-08-11,경기 광진구 56대로 40
7df15389-d491-4c26-9b43-d69494dfeb5a,양재원,male,14,2009-03-24,충청북도 강서구 64번길 21
5dc1d007-401e-4738-9724-c8cfe94d425d,송현준,male,42,1981-04-14,서울 구로구 27길 87
578f1a94-c18a-49e2-95ce-082f2dfe522f,지아린,male,15,2008-06-29,서울 성동구 99번길 56
b2cbd964-5c23-44c9-8f6f-b2c78519177e,한은우,female,13,2009-08-19,서울 강남구 31번길 71
e7c96cf9-4d46-419f-9a88-b2c38f18e216,양지환,male,26,1997-07-04,제주 강서구 50로 49
16e54722-4903-4298-bc10-dd7d7cd1cf20,이준우,female,42,1981-04-10,경기 구로구 80로 55
37b846f8-fe7b-4b7b-a5d3-3c51553fd1e1,고연우,female,13,2009-08-29,전라북도 구로구 63번길 14
2804dffb-10be-4f34-b202-b62cb094fa63,곽서현,male,41,1981-08-01,경상남도 강서구 92길 28
820d680a-8776-43fd-a393-28d2ed430703,나지후,male,18,2005-06-07,강원 은평구 59대로 49
633ac3ab-8a8a-4ffe-a142-2ed223c463c3,류소율,female,16,2007-02-06,서울 용산구 56번길 31
a9f1423d-1a32-4578-a48f-92333cfc16a8,나진우,female,25,1997-08-11,제주 양천구 90번길 85
ab67fcec-34c0-4266-9d79-010251a4501e,나지아,male,18,2004-08-06,전라북도 중구 70길 25
04760882-a235-49c8-941b-e2da6fc56436,백태윤,female,9,2013-10-28,충청북도 서초구 29로 73
63cbbe1b-cf0e-4a7a-afa1-99e8016119e6,전시후,female,32,1990-10-18,충청북도 강남구 30길 60
b315f310-bc11-4ebb-83b8-f1d02990ee61,심수아,female,14,2008-11-29,충청남도 강북구 78길 10
c64a3347-54ab-480b-aabc-9f61d8595ee7,안수아,male,35,1988-05-24,제주 마포구 97번길 46
cec5b691-1b9e-4756-bce2-30a25b81db89,고민재,female,14,2008-07-26,강원 양천구 4길 80
1309257d-f40d-43ab-8e22-bcf2c5732a9f,곽서준,female,36,1987-05-25,전라남도 강북구 66대로 30
8757b2a0-218c-4b96-9a53-2529ce44e746,나예준,female,30,1993-04-06,전라북도 마포구 92번길 60
939bbfb9-dfaa-4cb7-b815-65f5d4e9eec2,문민재,male,39,1983-08-12,서울 동대문구 59번길 30
1149af76-97a9-485a-866f-f3a8a443074e,심유나,female,25,1998-04-25,경상북도 영등포구 95로 43
36bc3fa9-3fb0-4fd5-b48c-b09d6490f7a3,남준영,male,29,1993-08-09,충청남도 동작구 10번길 54
86de3fb9-2291-47e6-a162-55d0241f24b9,한다연,male,16,2007-02-12,서울 성북구 99번길 27
759b5ccf-fd61-4980-85fc-06ea303ca158,오지윤,female,30,1993-05-21,충청남도 구로구 16로 97
928881c5-8cc8-4ad7-bbbc-e5574fb17056,임예나,female,22,2000-11-29,경상남도 서초구 32길 1
2c3579d6-8b84-4693-b7ba-0bada7d8a290,노건우,female,25,1997-10-26,전라북도 성동구 64번길 56
471eea8e-4bf8-494b-ae65-e2da31e23986,양수빈,male,13,2009-11-27,경상남도 노원구 58대로 9
784f2c71-770e-4aaa-b504-2d729482a1e6,차수빈,male,13,2009-12-08,충청북도 동대문구 64로 46
4bb422de-ba84-40d2-96c3-806eec53ad94,조서윤,female,21,2002-02-17,전라남도 관악구 75대로 91
a4b520a7-6f19-4945-8438-b8c51840f5b7,류채원,female,18,2004-12-12,제주 중랑구 42로 97
029ed498-1afb-490a-b059-abe2bdf8825a,양다연,female,38,1985-01-06,충청북도 광진구 100로 96
d7bc20d9-cfe9-489c-8ff8-855cca9a4102,문시윤,male,29,1994-06-21,경상북도 서초구 66번길 24
ba9ecbe0-96be-467b-a0fd-cb719e13c088,진민우,male,40,1982-07-29,강원 마포구 41대로 17
a10b2db1-f2d8-4ff8-b7b2-711b9789a3e3,정가은,male,26,1997-07-11,서울 마포구 3길 14
865b030c-9204-483b-861d-22074bd75a14,강이안,female,16,2006-08-26,전라북도 영등포구 48길 86
217345f3-944e-4536-8e4c-8c07079c2e60,곽재윤,male,10,2012-12-19,강원 은평구 40로 81
840cc008-4fc1-41a6-a480-a1acd4518219,문지환,male,42,1981-05-17,제주 동대문구 88로 76
473dc979-376d-46aa-a96d-df98790737f1,박도현,male,32,1991-03-02,경기 양천구 59번길 28
7945d869-ee38-4298-94b3-e9822f6c92f1,손도윤,male,18,2005-07-02,전라북도 구로구 67로 5
daee3549-2ab2-4135-aa75-92c12f4ea77f,백주아,female,33,1989-12-22,강원 금천구 11대로 40
f4fa5488-ff03-4a16-b653-3bfe4ad3e43c,주유준,male,39,1984-04-12,경상북도 양천구 68로 94
b2d98c95-adc4-4cd4-a2a0-571f6957555b,이현준,male,39,1984-03-20,경상남도 서대문구 15길 71
e1006d62-adf1-4fe4-9838-8ede791e1dbd,이승현,female,13,2009-08-15,제주 도봉구 76길 28
1a85a62b-3ec9-4ab9-aaaf-b440f80bc705,양예나,female,16,2006-08-23,경기 성동구 2대로 75
a16ff5be-4732-4e34-9ed1-33680a625c48,김수호,male,25,1998-03-28,경상남도 종로구 50대로 19
48657ad1-8548-4272-94c2-7f4de86c26f6,한예나,female,25,1998-07-06,전라남도 송파구 31번길 92
a85b652c-0738-41c5-a0c8-c13776cba21c,문예은,male,16,2007-03-05,강원 마포구 16번길 61
f01e0150-7843-442e-8e67-c129f4b783cf,주현우,female,38,1984-09-21,경기 중구 26길 80
233dfe53-ffde-4c10-945f-362f7265aeb0,한유준,male,39,1983-11-10,전라북도 강남구 39번길 75
134a6cdd-ffe0-4910-b057-d0dccff957e4,심하은,female,29,1994-01-01,경상북도 강북구 74대로 19
ee16d690-fb86-4029-84da-e69de101fd51,류정우,female,41,1981-10-08,전라북도 용산구 5길 45
e4c75a35-a239-4129-a22b-9b30b94c2530,지지윤,female,30,1992-12-04,전라북도 노원구 36로 76
f89f1a52-360c-4210-82ab-30fb428e75d1,백서연,male,26,1997-02-13,경상북도 동작구 93길 98
68fdd94f-b9ee-4a99-96df-2ab301515288,임동현,male,26,1997-05-01,서울 금천구 6번길 8
bcbd0c94-53b7-45fe-ad14-20e3b01e3ecb,양채원,female,35,1987-10-30,전라북도 용산구 46대로 29
d292df86-f267-46df-bf24-273b355175a3,차건우,male,43,1980-04-06,제주 서초구 43번길 42
a7839165-536e-448b-a9b4-932fd1bb8695,윤현준,male,13,2009-10-11,전라남도 송파구 41번길 29
40273cc1-e300-4821-9be5-a0c6f71039f2,문승민,female,10,2012-10-21,제주 강서구 3길 48
ecc9d571-ca5a-4bc4-a1b4-c71261836c7a,조시연,male,12,2010-12-20,전라남도 중구 45길 35
4d960cec-4f89-4dfd-a133-74747403566b,전수현,female,27,1995-08-21,전라북도 종로구 99로 55
0ff3f837-892d-4d19-a0ae-ed000b2cd327,박지윤,female,33,1990-01-30,경상남도 은평구 37길 8
9eda1448-0d65-44b1-9d8f-43fd2be48d30,류선우,female,11,2011-09-27,제주 중구 100로 89
8b0e544c-19f0-424e-8a44-91875dac5c3f,조민우,male,15,2007-08-15,경기 강남구 37대로 8
c44c6f1e-a1ee-4cb5-ad87-55be134ad16f,전지우,male,41,1982-05-14,충청남도 은평구 21대로 36
c7f618e7-a0aa-49dd-854f-424093873eab,문지아,male,27,1996-06-15,제주 강동구 80길 75
40961eef-4190-4604-8e53-03b43792445c,차예준,male,20,2003-02-02,충청남도 구로구 41길 65
cb1dd9e8-58e6-4c65-9480-8d919f8942e3,장민재,female,15,2007-11-06,경상남도 강서구 82대로 76
9c8b7b5b-478c-4e93-a1b0-e73b41b04359,곽연우,female,9,2013-07-17,경상북도 광진구 94로 12
e743928e-54d6-4ce3-aaf6-f176e969e8c6,전수민,male,29,1993-09-12,충청북도 성북구 54번길 50
78c4f4af-8b64-4191-ad16-4602e1e1995a,지연서,female,33,1990-03-28,충청북도 성동구 4로 59
31afcb5b-ce71-4e1c-b6df-72c5d26bc9f2,고유준,female,38,1984-11-02,서울 은평구 82번길 2
51d3a833-4fb5-4272-aea7-1add9acf3c32,서지우,female,21,2001-08-02,전라남도 금천구 3길 71
3feceb4e-23c2-4915-bd41-aa6c0f75f987,하수민,male,39,1983-11-04,서울 강북구 29번길 10
60aae4ba-7b28-40a5-946c-31337de99db5,나민재,female,10,2013-05-03,전라남도 마포구 4대로 30
c93917b3-554f-4940-b4a2-e9745cc7bf66,류주원,female,38,1985-07-09,충청북도 금천구 8길 18
9a4b7edd-566a-4b82-91d0-7b8837047009,손선우,male,17,2005-07-24,제주 은평구 80번길 48
5165f6c3-19f5-4b97-85d2-2502a6eeaad4,손선우,male,23,2000-05-19,전라남도 은평구 42대로 31
21d2dcc3-e3df-4da4-a041-5ab911307e5d,장서영,male,12,2010-09-06,제주 서대문구 31길 92
19bbf9e2-0bcb-4877-be4c-c563e7b74fbd,양한결,male,16,2007-03-17,전라남도 강서구 97로 23
46c16228-af3b-4531-9881-278c0bab6631,류수연,female,24,1999-01-01,경상남도 영등포구 87로 97
375fc8d8-f5ad-44fb-8f1a-d8584bb79e26,남하준,male,30,1993-04-15,제주 중랑구 47대로 96
374ba098-b6bf-4963-8e3b-db09426ccb9e,강예준,female,38,1985-01-19,제주 송파구 10길 6
128ee1ff-41ef-4e13-babf-8ff82605a725,구서윤,male,21,2002-05-11,충청남도 양천구 18길 74
b0f044b0-bcae-494f-9a78-83e6467c4f92,나서윤,male,29,1994-04-30,충청북도 용산구 9길 17
747413dc-3f9a-47a5-9335-8d9b743427b4,문우진,male,29,1994-06-23,강원 중구 29번길 44
fb6ae4b8-ecc6-454f-ae8a-693f6a033e37,성시후,female,26,1996-08-02,충청북도 관악구 25번길 16
bb6e2334-15ad-49c7-8903-6a875ef81240,최하윤,female,24,1998-12-05,서울 강남구 18번길 19
e3a3f42e-bdb0-4e48-97e6-5d950582843f,주하린,male,33,1989-08-08,전라남도 강동구 50길 49
a3017e3c-943d-47b2-9efe-2b79d256d606,성채은,female,41,1982-05-04,충청남도 양천구 13길 48
3bae1187-f5e4-4d64-88f3-69d06bf98662,조태윤,male,41,1982-03-29,경상북도 마포구 47대로 44
6d27b294-2a0c-4809-b939-18b70b99b0b8,우이준,female,31,1992-07-09,전라북도 중랑구 15길 46
454256a6-5832-4c67-8d58-088dcb82c25e,성준영,male,26,1996-10-08,제주 성북구 59로 52
fee7aa5f-ea79-4d15-bf95-a99e52e8593d,허준영,female,11,2011-12-15,서울 양천구 12길 58
245eb2b6-ceca-4e5b-8dc8-45e3d21c5d6c,손도현,male,13,2009-10-21,강원 송파구 58로 26
5fbadc19-e6b5-4693-b4e4-361f2f459260,서재원,male,40,1983-03-29,제주 동대문구 80로 83
1584bb01-8d9b-42dd-a45d-305a70d30cfc,홍지훈,female,15,2007-09-23,경상북도 성북구 74길 11
f950ab84-0819-4678-8354-58c5f287f7aa,구승민,female,33,1990-02-20,전라남도 은평구 84번길 78
4b4ad756-d60d-40be-8f2b-6f8b3ce7b9b5,손민준,female,18,2005-03-10,제주 중랑구 46번길 40
6bb171dd-a404-430b-834d-51b4249f3e0d,노준혁,female,38,1985-04-06,전라남도 도봉구 35대로 25
fcdb223d-ab42-4ae2-be68-8334e0d2ccf1,서하린,female,42,1981-04-02,제주 금천구 86로 17
c07e8025-59b5-4cf8-9ddd-d4711fde7f95,손채원,female,16,2007-04-21,경기 종로구 18길 95
d81c34fc-1a62-43c5-b299-e42f2ab6a1d2,윤하린,male,10,2013-06-17,경기 강남구 49로 29
95768c1d-477e-4e63-8276-d3976309effe,장채은,female,20,2003-05-25,경상남도 중랑구 94대로 67
3702e21e-4ede-4955-a718-2823c8b418e0,조시연,male,17,2005-07-28,충청남도 마포구 27길 76
43a95b31-e970-499e-8fc4-604aeb63b83d,우준서,male,18,2005-02-10,경기 종로구 17번길 71
9a17f9c4-cc05-48d4-91bc-a6965dfaba3f,노하윤,female,24,1998-12-02,강원 양천구 69번길 70
d8749cd1-15ac-4bcf-8ec2-a337a190437f,정서현,male,25,1998-07-09,경기 성동구 55길 86
a718b7d5-aeb3-4436-a22e-8f82e18a3df1,전서윤,male,41,1982-06-01,경상북도 성동구 55길 16
38ee278f-e569-4b9d-98d6-0414e25b9b31,임민서,male,21,2002-01-11,경기 동작구 62대로 49
43ad7955-76ee-4c1e-ac81-34cfdcd1d4ef,권채은,female,27,1995-09-09,충청북도 마포구 63길 27
ae07c827-6a20-4d44-abb8-601e5447bfa1,구주원,male,20,2002-10-06,경상남도 용산구 21길 23
a87b5f73-1c13-4d90-995f-c2fbc02994ba,조수현,female,36,1987-01-11,강원 노원구 13대로 91
0e5bd427-7f41-4f19-9d26-8af1130f5d89,남민성,male,16,2006-11-07,강원 금천구 80번길 19
e5282178-8859-43e2-82d3-67e6553db788,허예린,female,20,2003-02-27,전라남도 영등포구 9길 40
3f6a033c-da5a-4bb6-b3b7-c0edd68a9f2a,장윤아,female,22,2000-10-09,경상북도 송파구 96로 46
aefc4570-217d-4e6a-aee4-c9f5ed664d69,노다은,male,22,2000-09-08,경상북도 강북구 14대로 58
23fb47a0-86ba-443c-8e94-a31685bbcfae,류시우,female,10,2012-10-01,전라남도 금천구 50길 94
5bbd0ed6-1386-46f3-9fc7-360480c18673,한현준,female,18,2004-10-22,충청북도 광진구 13번길 29
57eac026-3fc2-42d2-94c1-c075f75b9938,노예원,female,18,2005-03-12,전라남도 은평구 37길 44
3d698177-f12b-45ba-ba39-8495a20e0535,권수빈,female,15,2007-08-18,경상남도 강서구 32대로 36
8568ce9d-0cd9-433c-8e4f-66681eea62ce,지시후,female,13,2009-12-03,전라남도 동대문구 72로 29
cf266c27-1627-4d37-801d-74b1c025efb6,구승우,female,35,1988-04-17,강원 강남구 27로 9
742d069d-1191-488b-921c-00c4f398edda,정하준,female,28,1994-08-23,전라남도 성북구 33로 91
def65053-97d3-484a-896d-afdc38dd377f,지민재,female,16,2006-08-02,제주 은평구 79번길 23
fae4bbe6-9aa0-474f-bc50-e2c9c9ad32c3,주민준,male,34,1988-12-26,서울 강남구 34길 19
c23dd163-2607-4671-991d-8e5f3d04b10d,심한결,male,32,1990-11-19,제주 강서구 84대로 13
99e7c70e-e6c8-483c-9257-d69bab8b06ea,하예서,male,43,1980-04-29,전라남도 동작구 35로 78
50881d6d-61b7-4ffb-84ed-23466cb00502,성연우,female,21,2002-04-13,전라북도 종로구 50길 91
6acb03be-1483-4caf-b062-91055cee8307,고서현,male,13,2010-07-07,전라북도 마포구 33대로 92
9c96ed40-0798-4d71-9738-7d9a3c5cd493,백연서,female,43,1980-02-17,경기 동작구 76로 4
ff2b00f3-3e92-4de4-aef8-18ce02c5f2ff,허지아,male,36,1987-05-28,서울 송파구 49길 77
5562b4d4-6836-4467-be47-fadff93b885a,이가은,female,26,1996-10-26,전라남도 강서구 31대로 1
931dc1c4-f48d-4107-aef1-e4fcae306333,조승우,male,10,2012-08-25,경상남도 강서구 17길 46
21d706a9-9a0c-419a-b794-199dbd4a54fc,문은서,male,24,1999-02-16,강원 서초구 57길 64
1b3dcbd2-6136-4e34-be14-1a2c1acfab86,남수연,female,17,2005-11-24,충청북도 광진구 98번길 38
8483cb25-a613-42bb-b9ac-563024deb7c5,고수현,male,42,1980-07-21,강원 영등포구 33대로 31
a1070788-2c7d-40bf-8523-c7afedf05853,한시연,male,38,1984-09-15,충청북도 금천구 90로 9
42bfa60c-2e75-4ff7-b246-61cec75c8618,남준혁,female,39,1983-12-20,전라남도 중랑구 90대로 37
ed0b1f59-2a05-4a25-ac9a-0cb22150fca6,진우진,male,17,2006-07-10,강원 송파구 72길 36
9e4a7211-47f6-4c3a-85f1-ed19ed13ba56,민한결,female,24,1999-03-13,경기 은평구 54길 15
c93f12e3-addd-49a9-a26b-adaa246faaf4,우윤아,female,13,2010-06-06,경상북도 종로구 61번길 6
7216ee5a-3185-4d45-89ee-16b52389c487,전민우,female,29,1993-07-19,전라남도 동대문구 10로 29
e88d227d-2b3b-4d62-9713-be333d21ff7c,배정우,female,16,2007-04-09,제주 노원구 8대로 36
73877ae8-4c81-4295-893b-0f2e25413b15,유수현,male,28,1994-09-29,충청남도 마포구 70로 43
82d888ab-5f62-4275-838e-e5e942e530b9,배하율,female,26,1996-12-15,경상남도 동대문구 95번길 24
1cbb933c-6ba8-448d-891d-a66f6cac01e3,황동현,female,27,1995-09-12,제주 강북구 68길 24
892bca7c-54f6-4a0f-bef5-1a19c39bfe85,오수아,male,12,2010-10-07,제주 중구 46번길 36
9f4f02b5-533d-4039-b82d-3d7115970e2e,진수현,female,25,1998-01-03,경상남도 송파구 67번길 26
e2239c91-7a0b-4563-9ae0-b794e26a443d,한지윤,female,18,2005-01-13,전라남도 송파구 47대로 20
00289172-c8e7-4499-b504-092f767d1892,홍유주,female,11,2011-09-24,강원 용산구 91대로 28
37dfcadc-e469-4dc5-8943-3beb1ec13d77,김시은,male,24,1999-06-18,전라북도 성북구 55번길 35
7a76eb5c-7f04-472f-85a3-755370050bf6,나수현,female,24,1999-02-16,전라북도 관악구 16길 99
94815eec-e9de-453d-93c6-5430ae96e3d6,백진우,female,26,1997-06-24,서울 은평구 20대로 60
81b1de5e-4f3f-4a72-8088-6cb7274a921b,민민우,male,16,2006-08-13,경상남도 금천구 17번길 54
b13706e2-748c-40ed-8e1d-8951ff148339,민동현,female,21,2002-03-26,제주 광진구 93번길 82
ddcfb79b-ca30-44df-8aa5-247e85e533e4,강우진,male,28,1995-05-23,충청남도 서초구 79길 93
21ddf01c-8f0b-493f-85c1-5e023a823097,진수현,female,33,1989-10-08,경상북도 강북구 13번길 52
595c5492-380f-4f5e-abb4-45711dc98b26,남시우,female,40,1983-07-13,충청북도 용산구 26번길 85
976cd4f1-a8fe-46ea-af6e-3066fa322453,유수연,female,21,2002-03-28,전라북도 중랑구 34로 7
94580492-fbfe-4a19-b996-8fae400b4175,민서연,female,14,2008-12-19,강원 금천구 38대로 40
ed9eeccc-b301-4da7-8e74-ce114e2311f7,이유찬,male,22,2000-08-11,충청북도 중랑구 82번길 37
2edb5084-92a4-479a-a94f-dd31004cae99,송하은,male,34,1989-05-01,강원 중구 68길 99
65a9b4b9-da46-4cd0-9152-7a7456f62b56,신민성,female,11,2011-07-25,충청남도 중랑구 50번길 52
02d5934f-1ad6-458f-ad02-29d95f7ca0e2,김태윤,female,24,1999-01-08,서울 양천구 6번길 65
e1db4ff0-7126-4bc8-affd-d6cb5efa89a0,진민지,female,37,1986-04-20,충청남도 성동구 90대로 40
3f05b904-4fb6-4efa-bd4a-5d9a3e41a24f,고한결,female,33,1990-03-22,서울 강북구 85대로 69
43fb5dcc-6ed8-4984-8e9e-eabde4245f55,심지호,male,26,1997-03-07,전라남도 도봉구 9대로 16
35f128f9-27cd-41d8-bc0c-0dee00b49f21,홍은우,female,35,1987-12-08,경기 도봉구 84번길 17
3d177e78-d4b5-4b9a-8f04-667e20efeaa4,송지호,male,18,2005-05-28,서울 마포구 39대로 82
b5ba0abe-5ab8-4ac9-a298-17ee58e67d6c,하시은,male,25,1997-11-08,충청북도 양천구 50로 62
aaa4b663-0ce6-4654-9638-57c8d6723814,류승우,female,32,1991-07-13,충청남도 도봉구 60대로 20
f1ff281c-589d-401c-bec9-e549c3c336c7,장소윤,male,25,1998-06-19,경상북도 용산구 9길 53
4dd6d292-1357-4def-abaa-6bc5ee457a06,심시윤,female,30,1992-11-04,제주 강동구 42길 71
d32059cf-5827-43d1-a903-fc052c9c2c35,하지우,female,18,2005-03-03,전라남도 영등포구 58번길 42
f9843c44-b67f-4c4c-95e8-8873076ddabb,허수빈,female,36,1986-07-18,충청남도 종로구 51번길 49
413d7233-7186-482d-ada6-5f10292be1c7,민수호,female,36,1987-01-23,경상남도 영등포구 99대로 75
76b2b282-892a-4590-ae2f-9c131d8ee3c7,강지호,female,43,1980-02-08,전라남도 관악구 49번길 12
8d817d79-44a8-439d-9fa8-d07fab7f2c35,김다연,male,33,1990-05-23,경상북도 금천구 98로 89
3f7f4177-414d-4622-ab3a-193cd11a248f,최유찬,female,35,1988-05-16,경기 서대문구 76번길 55
2699514f-ac00-4d78-b032-c067046b1f54,주연서,male,25,1997-12-26,서울 서대문구 1대로 98
ee1b3e51-ba1b-4124-9577-b6a24a103071,유지환,male,41,1981-08-26,서울 강서구 31번길 3
a59b56fe-8c83-4cd6-84d9-99b96f969593,이도윤,male,21,2001-12-08,충청북도 종로구 13번길 60
17977c0b-b88e-47c5-918b-51627723c0d3,정우진,female,30,1992-09-18,경기 용산구 73대로 94
36bb5305-7367-4cef-b3cc-b39811adca75,한시은,male,12,2010-12-12,경기 서대문구 5번길 65
9acfb524-f8ca-4b08-90bb-bdb1a8af7d17,고예은,female,26,1997-02-20,경상남도 송파구 43번길 75
40430ddd-5161-4fbb-9e82-2907926942af,노유나,male,33,1990-06-06,경기 광진구 42길 80
6e737999-7fbd-413e-b3eb-83ac8883c595,문민규,male,17,2006-06-23,강원 도봉구 15번길 50
f105301e-dade-4e38-8000-361fa49d6014,김예나,male,14,2009-01-16,서울 노원구 60로 41
3f681593-2a98-42c4-a928-065abd3b4ecc,윤준우,female,19,2004-05-28,경상북도 서초구 28로 60
44977f61-bba8-47f6-b4f9-4f0f368e7b49,류서연,female,39,1983-10-21,서울 관악구 20번길 34
7a73ff6a-23d7-4626-b444-1b6613e1aacb,이유주,male,10,2012-11-12,충청북도 광진구 22로 29
d596ee0e-eea2-4d41-ac54-c4d0bde4c14b,오시윤,male,26,1997-02-10,전라남도 노원구 46번길 95
c1310af9-a355-4bb4-b257-5a2413273431,서예진,female,41,1981-11-30,충청북도 강서구 19번길 79
e34121f8-e18d-4cd9-be37-902632ff6417,박소율,female,31,1991-07-23,전라남도 서대문구 88대로 1
d275e8f7-81cc-454e-9432-bd3398192806,나민성,female,41,1981-12-16,충청남도 강남구 49대로 84
76d2e058-af74-4f71-9683-d7650418aa49,조지훈,male,29,1994-03-22,전라북도 강남구 67로 19
68693d1c-c1ce-49b1-b4a4-197537457a31,안민성,female,34,1988-11-02,강원 종로구 43길 49
96110fd1-1183-4de1-9660-c21cceda4e54,강시연,male,32,1990-08-17,충청남도 종로구 35번길 46
e5ae467b-c97d-4e7e-a4df-24a2092c1c63,배한결,female,21,2002-01-07,충청남도 중랑구 67로 29
86b6f7d0-fa2a-471f-9331-2de82646c721,최민재,male,36,1987-04-17,전라남도 동작구 1로 90
adf0495b-7522-4e85-b3ec-0b2f430f675d,안준서,female,36,1987-06-15,강원 금천구 84대로 40
844a30b7-75d6-4714-8016-af5251ae826c,안선우,male,29,1994-03-23,강원 중구 13로 23
31131e16-8cbd-4781-bb11-5e7f02370d81,권민재,male,22,2000-12-12,전라남도 금천구 4길 35
03cdb2a9-b66c-4c42-9106-7474a03f3358,곽시후,female,13,2010-06-11,전라남도 광진구 67번길 89
db7ca37c-7509-4ba2-9daf-e279a89f7db5,문다은,male,11,2012-04-24,경상남도 서초구 25로 73
b7fc6c55-8cd4-4b3d-874a-a89a9b132289,신윤아,female,14,2009-05-27,충청남도 관악구 71로 19
26d80463-20cc-4f1c-94c5-b7f624ffef11,우도현,female,34,1989-05-06,경상남도 강북구 51대로 33
b0ad71f3-3c51-4829-9ff9-8335729d4e2d,허지환,female,22,2001-04-15,전라남도 마포구 68로 87
198bf204-a54e-4bab-b615-93b033491a78,우민재,male,32,1990-08-11,전라북도 마포구 17번길 78
9b17e3cc-4a52-4416-8c85-9d1abc6004f9,류윤우,female,36,1987-06-13,전라북도 동대문구 57길 20
4023eb59-2f80-4887-a4f7-028a64b8d720,양선우,female,13,2009-11-27,제주 동작구 59길 24
090ed21e-fd13-45a1-8da3-de2a6b0045d8,우시현,male,32,1990-08-29,전라북도 구로구 37길 30
90f5d249-9fa8-458e-8957-c2f1137b7f52,백주원,female,23,1999-12-31,경기 강남구 18대로 55
8d0e16b2-9e5a-4134-b2a0-d89eac2bf99a,지민재,male,36,1987-01-23,제주 중구 85번길 57
07daf8ab-d1a9-4f6f-9559-e7810a6031d4,신채은,female,38,1984-09-06,충청북도 마포구 66대로 48
3f2b080f-f689-4351-8eab-941bd224d91d,서정우,female,34,1989-02-21,충청남도 강동구 25길 53
bf917e64-77d5-4b4f-af17-16ff7bb0e20c,진소율,male,28,1995-01-16,경상북도 도봉구 56길 21
c96697c1-a352-4fa8-9bff-564e7c0be3ee,한윤우,male,21,2001-09-05,충청남도 관악구 58로 76
dbbcca5e-f6b2-4040-8387-36b18c2c2b77,주서윤,female,29,1994-03-01,경상남도 종로구 24대로 98
e87f3ba1-7cfe-4397-a1a2-91f4ce8e7e78,손지후,female,13,2009-07-30,서울 구로구 57번길 13
4aad83bd-532e-4625-a685-a1554b834105,노유진,female,30,1993-04-26,충청남도 은평구 73대로 73
70438006-1194-4bde-a3be-77ddeb1b2c6f,문수현,female,25,1998-06-06,제주 강동구 91번길 76
577cd404-eb63-43a5-a95a-bd9cc7c32a9b,권시현,male,21,2001-11-10,경상북도 성북구 2로 20
38c91590-0ed9-4184-9057-758f3fec6391,박소윤,male,34,1989-02-16,서울 금천구 78로 22
fae7c548-49b0-490b-8f06-279f310dac15,진시우,female,26,1996-09-15,전라남도 중랑구 42대로 40
967b9a7f-3174-4b40-b339-5fbeb03e75a4,유은서,male,13,2009-09-08,서울 강남구 19대로 47
86e88d5e-8526-4eea-af90-fef93f91bccb,정윤서,female,24,1999-04-06,강원 서대문구 61길 57
7d3dde35-68f6-4f9f-8494-2d430ffd4c67,고지안,female,28,1994-09-07,제주 금천구 31로 49
f7ef9c8a-b6eb-40dc-9503-56d2a47b19bd,지소율,male,31,1991-08-08,전라북도 양천구 67대로 11
ac53325c-4e81-4b09-9312-e9ebf469e394,정소윤,male,33,1990-02-21,전라남도 송파구 57로 2
5567fa04-c657-4fa7-8771-91a6cc9ce821,유서준,female,33,1989-08-29,전라남도 중랑구 46번길 51
4f43132f-2cea-4deb-838d-19736ad23eaf,하지환,female,25,1998-02-12,전라남도 동대문구 42로 86
3537cea5-af0d-4323-9d9b-c73559e761c4,한윤아,male,29,1994-03-12,경상남도 은평구 55로 73
ac370720-21a6-4e70-a0f6-4fd4ef33f08f,민하율,female,35,1987-10-14,경기 강남구 32대로 60
28defdf1-c14f-41fb-887d-f69e7e130bc8,류수현,male,31,1992-06-13,제주 노원구 31번길 12
5f97baf8-f4d9-428e-85a5-590f5cefc43e,민유주,male,39,1983-11-08,서울 은평구 40길 60
ad2610a3-838d-4e8e-99f9-1561a28cc13b,손승현,male,38,1984-10-01,제주 강서구 78번길 54
33d79fa8-5ecf-4d2e-8259-eb7675a5d2a1,노소율,male,33,1989-09-19,충청북도 송파구 40길 91
c8f2ce11-dde8-4d5f-98f8-bbc1f25c737e,나가은,male,19,2004-06-03,전라북도 동대문구 79길 96
7a557b0f-aaef-46fe-8fe4-2b0593fcab74,정예준,male,37,1986-07-07,서울 용산구 26번길 89
75970b51-cf5d-46e4-91d6-7505879e100c,노지호,female,34,1989-06-25,경상남도 노원구 47로 16
a02cc9fc-9563-421d-83a2-16901b42e1f9,우시연,female,21,2002-03-31,강원 중구 18대로 88
179d169f-b0e7-4fdc-99e3-94311ca657cb,문하준,male,29,1993-12-27,서울 동대문구 43대로 12
aac909a8-8a2d-4aa2-843b-3f909318b0cb,임승민,male,38,1984-08-06,경상북도 영등포구 66번길 66
9aff0457-c396-47e3-abbb-3fdd8fd01989,신이준,female,36,1987-03-01,경기 마포구 14로 81
26c128da-f17c-4b4c-8229-eaceb0aa233d,심민지,female,40,1983-05-10,충청북도 서초구 35대로 20
4af17947-e956-4646-8277-2b531a6245d5,조예진,female,34,1988-12-20,경기 양천구 71번길 40
7f91abd3-431e-44bc-b2c8-c0be53aa7df5,황시현,male,32,1990-10-20,충청북도 은평구 39로 30
5fff90fb-9cd2-4ae6-b0fa-821703cbefe9,성지민,female,9,2013-08-01,경기 구로구 100번길 36
3036ac91-027a-4c3e-b09d-ef35da796d96,양다연,male,42,1981-01-01,전라남도 성북구 66번길 83
5f74a8c8-7ebd-4c2c-84e4-0d4e61105d5b,전현준,female,34,1989-03-03,전라남도 송파구 85길 16
50369649-b153-48ea-b84f-201a3edb3cb0,서민우,female,18,2005-03-13,전라북도 중랑구 67대로 73
0cbb4244-03f4-4f48-9e55-7b880780f6fc,박지호,female,11,2011-12-20,경기 영등포구 74대로 67
e5e26d83-7726-4f9a-a78d-0d32638bca24,진수연,female,40,1983-06-01,제주 중랑구 82번길 83
6eb5356e-430f-4c43-bc9f-428aefacc501,지서연,female,37,1986-04-16,경상남도 송파구 82번길 15
ceb6a8a3-f364-4033-b76f-75957ae74e53,손은우,male,15,2007-09-06,충청북도 송파구 62대로 35
707d72f4-c97c-4bf6-8898-1424e5ae3049,박재윤,female,28,1994-09-12,강원 관악구 60대로 38
aab1fe3c-bba9-4ff3-a972-cbd1efa5bef5,손예원,male,41,1981-11-05,전라남도 강북구 19번길 14
ecf21816-a9a2-46f8-b406-87fa490d8175,주민준,male,17,2006-04-01,전라북도 용산구 25대로 49
8ec07d84-718d-4fb3-a576-b5a6be180cae,박시현,male,36,1987-01-31,전라남도 양천구 51대로 65
90240b9d-f74e-4ad6-bfb1-532eedcb22c0,양민재,male,17,2005-08-04,전라남도 동대문구 10길 13
9e8b7425-12ef-4a88-91a6-e77fa1621d77,허다인,female,9,2013-12-25,서울 노원구 85대로 83
b9e5ee6b-51b4-4e93-adeb-c1f041c23650,정서연,male,36,1986-10-17,제주 동대문구 40번길 3
436a5fe2-a769-4570-9eee-a11ba37f892c,유시은,male,22,2001-02-05,전라남도 서대문구 5대로 55
430be2cc-7561-4710-b1f9-20a271821f75,홍예나,female,19,2004-03-02,경상남도 광진구 62번길 27
ca4487a7-6c40-4aec-824e-64b162a58774,홍시은,male,10,2012-12-14,충청남도 중랑구 24번길 83
f8e10c13-154e-45eb-be01-266acaf9ad84,최채은,female,9,2013-11-26,충청남도 강북구 94로 10
9fa1ebd8-3241-4424-8ce8-dd4619384633,임예은,female,39,1983-08-12,전라남도 영등포구 47길 71
